2026-07-29T16:48:05 | INFO     | coinbase_webkit:001:abfa1ff7 | engine=WebKit device='iPhone 14 Pro' viewport={'width': 393, 'height': 660} headless=False
2026-07-29T16:48:06 | INFO     | coinbase_webkit:001:abfa1ff7 | navigating to https://www.coinbase.com/home
2026-07-29T16:48:07 | WARNING  | coinbase_webkit:001:abfa1ff7 | GraphQL captured op=userQuery status=200
2026-07-29T16:48:08 | WARNING  | coinbase_webkit:001:abfa1ff7 | GraphQL captured op=LayoutMobileQuery status=200
2026-07-29T16:48:08 | WARNING  | coinbase_webkit:001:abfa1ff7 | GraphQL captured op=LayoutBannersQuery status=200
2026-07-29T16:48:08 | WARNING  | coinbase_webkit:001:abfa1ff7 | GraphQL captured op=useRecordSardineSessionIdMutation status=200
2026-07-29T16:48:08 | WARNING  | coinbase_webkit:001:abfa1ff7 | GraphQL captured op=HomeQuery status=200
2026-07-29T16:48:09 | INFO     | coinbase_webkit:001:abfa1ff7 | iOS-DOM probe: {"url": "https://www.coinbase.com/home", "path": "/home", "readyGate": true, "captchaVisible": false, "cryptoRows": 0, "cashRows": 0, "firstCryptoSpans": null}
2026-07-29T16:48:10 | WARNING  | coinbase_webkit:001:abfa1ff7 | GraphQL captured op=useCurrencyConverterQuery status=200
2026-07-29T16:48:10 | WARNING  | coinbase_webkit:001:abfa1ff7 | GraphQL captured op=useCurrencyConverterQuery status=200
2026-07-29T16:48:11 | INFO     | coinbase_webkit:001:abfa1ff7 | iOS-DOM probe: {"url": "https://www.coinbase.com/home", "path": "/home", "readyGate": true, "captchaVisible": false, "cryptoRows": 0, "cashRows": 0, "firstCryptoSpans": null}
2026-07-29T16:48:13 | WARNING  | coinbase_webkit:001:abfa1ff7 | GraphQL captured op=usePaymentMethodsQuery status=200
2026-07-29T16:48:13 | INFO     | coinbase_webkit:001:abfa1ff7 | iOS-DOM probe: {"url": "https://www.coinbase.com/home", "path": "/home", "readyGate": true, "captchaVisible": false, "cryptoRows": 0, "cashRows": 0, "firstCryptoSpans": null}
2026-07-29T16:48:15 | INFO     | coinbase_webkit:001:abfa1ff7 | iOS-DOM probe: {"url": "https://www.coinbase.com/home", "path": "/home", "readyGate": true, "captchaVisible": false, "cryptoRows": 0, "cashRows": 0, "firstCryptoSpans": null}
2026-07-29T16:48:17 | INFO     | coinbase_webkit:001:abfa1ff7 | iOS-DOM probe: {"url": "https://www.coinbase.com/home", "path": "/home", "readyGate": true, "captchaVisible": false, "cryptoRows": 0, "cashRows": 0, "firstCryptoSpans": null}
2026-07-29T16:48:19 | INFO     | coinbase_webkit:001:abfa1ff7 | iOS-DOM probe: {"url": "https://www.coinbase.com/home", "path": "/home", "readyGate": true, "captchaVisible": false, "cryptoRows": 0, "cashRows": 0, "firstCryptoSpans": null}
2026-07-29T16:48:20 | WARNING  | coinbase_webkit:001:abfa1ff7 | GraphQL captured op=usePaymentMethodsQuery status=200
2026-07-29T16:48:20 | WARNING  | coinbase_webkit:001:abfa1ff7 | GraphQL captured op=usePaymentMethodsQuery status=200
2026-07-29T16:48:22 | INFO     | coinbase_webkit:001:abfa1ff7 | iOS-DOM probe: {"url": "https://www.coinbase.com/home", "path": "/home", "readyGate": true, "captchaVisible": false, "cryptoRows": 0, "cashRows": 0, "firstCryptoSpans": null}
2026-07-29T16:48:24 | INFO     | coinbase_webkit:001:abfa1ff7 | iOS-DOM probe: {"url": "https://www.coinbase.com/home", "path": "/home", "readyGate": true, "captchaVisible": false, "cryptoRows": 0, "cashRows": 0, "firstCryptoSpans": null}
2026-07-29T16:48:26 | INFO     | coinbase_webkit:001:abfa1ff7 | iOS-DOM probe: {"url": "https://www.coinbase.com/home", "path": "/home", "readyGate": true, "captchaVisible": false, "cryptoRows": 0, "cashRows": 0, "firstCryptoSpans": null}
2026-07-29T16:48:28 | INFO     | coinbase_webkit:001:abfa1ff7 | iOS-DOM probe: {"url": "https://www.coinbase.com/home", "path": "/home", "readyGate": true, "captchaVisible": false, "cryptoRows": 0, "cashRows": 0, "firstCryptoSpans": null}
2026-07-29T16:48:30 | INFO     | coinbase_webkit:001:abfa1ff7 | iOS-DOM probe: {"url": "https://www.coinbase.com/home", "path": "/home", "readyGate": true, "captchaVisible": false, "cryptoRows": 0, "cashRows": 0, "firstCryptoSpans": null}
2026-07-29T16:48:32 | INFO     | coinbase_webkit:001:abfa1ff7 | iOS-DOM probe: {"url": "https://www.coinbase.com/home", "path": "/home", "readyGate": true, "captchaVisible": false, "cryptoRows": 0, "cashRows": 0, "firstCryptoSpans": null}
2026-07-29T16:48:34 | INFO     | coinbase_webkit:001:abfa1ff7 | iOS-DOM probe: {"url": "https://www.coinbase.com/home", "path": "/home", "readyGate": true, "captchaVisible": false, "cryptoRows": 0, "cashRows": 0, "firstCryptoSpans": null}
2026-07-29T16:48:37 | INFO     | coinbase_webkit:001:abfa1ff7 | iOS-DOM probe: {"url": "https://www.coinbase.com/home", "path": "/home", "readyGate": true, "captchaVisible": false, "cryptoRows": 0, "cashRows": 0, "firstCryptoSpans": null}
2026-07-29T16:48:39 | INFO     | coinbase_webkit:001:abfa1ff7 | iOS-DOM probe: {"url": "https://www.coinbase.com/home", "path": "/home", "readyGate": true, "captchaVisible": false, "cryptoRows": 0, "cashRows": 0, "firstCryptoSpans": null}
2026-07-29T16:48:41 | INFO     | coinbase_webkit:001:abfa1ff7 | iOS-DOM probe: {"url": "https://www.coinbase.com/home", "path": "/home", "readyGate": true, "captchaVisible": false, "cryptoRows": 0, "cashRows": 0, "firstCryptoSpans": null}
2026-07-29T16:48:43 | INFO     | coinbase_webkit:001:abfa1ff7 | iOS-DOM probe: {"url": "https://www.coinbase.com/home", "path": "/home", "readyGate": true, "captchaVisible": false, "cryptoRows": 0, "cashRows": 0, "firstCryptoSpans": null}
2026-07-29T16:48:45 | INFO     | coinbase_webkit:001:abfa1ff7 | iOS-DOM probe: {"url": "https://www.coinbase.com/home", "path": "/home", "readyGate": true, "captchaVisible": false, "cryptoRows": 0, "cashRows": 0, "firstCryptoSpans": null}
2026-07-29T16:48:47 | INFO     | coinbase_webkit:001:abfa1ff7 | iOS-DOM probe: {"url": "https://www.coinbase.com/home", "path": "/home", "readyGate": true, "captchaVisible": false, "cryptoRows": 0, "cashRows": 0, "firstCryptoSpans": null}
2026-07-29T16:48:49 | INFO     | coinbase_webkit:001:abfa1ff7 | iOS-DOM probe: {"url": "https://www.coinbase.com/home", "path": "/home", "readyGate": true, "captchaVisible": false, "cryptoRows": 0, "cashRows": 0, "firstCryptoSpans": null}
2026-07-29T16:48:51 | INFO     | coinbase_webkit:001:abfa1ff7 | iOS-DOM probe: {"url": "https://www.coinbase.com/home", "path": "/home", "readyGate": true, "captchaVisible": false, "cryptoRows": 0, "cashRows": 0, "firstCryptoSpans": null}
2026-07-29T16:48:54 | INFO     | coinbase_webkit:001:abfa1ff7 | iOS-DOM probe: {"url": "https://www.coinbase.com/home", "path": "/home", "readyGate": true, "captchaVisible": false, "cryptoRows": 0, "cashRows": 0, "firstCryptoSpans": null}
2026-07-29T16:48:56 | INFO     | coinbase_webkit:001:abfa1ff7 | iOS-DOM probe: {"url": "https://www.coinbase.com/home", "path": "/home", "readyGate": true, "captchaVisible": false, "cryptoRows": 0, "cashRows": 0, "firstCryptoSpans": null}
2026-07-29T16:48:58 | INFO     | coinbase_webkit:001:abfa1ff7 | iOS-DOM probe: {"url": "https://www.coinbase.com/home", "path": "/home", "readyGate": true, "captchaVisible": false, "cryptoRows": 0, "cashRows": 0, "firstCryptoSpans": null}
2026-07-29T16:49:00 | INFO     | coinbase_webkit:001:abfa1ff7 | iOS-DOM probe: {"url": "https://www.coinbase.com/home", "path": "/home", "readyGate": true, "captchaVisible": false, "cryptoRows": 0, "cashRows": 0, "firstCryptoSpans": null}
2026-07-29T16:49:02 | INFO     | coinbase_webkit:001:abfa1ff7 | iOS-DOM probe: {"url": "https://www.coinbase.com/home", "path": "/home", "readyGate": true, "captchaVisible": false, "cryptoRows": 0, "cashRows": 0, "firstCryptoSpans": null}
2026-07-29T16:49:04 | INFO     | coinbase_webkit:001:abfa1ff7 | iOS-DOM probe: {"url": "https://www.coinbase.com/home", "path": "/home", "readyGate": true, "captchaVisible": false, "cryptoRows": 0, "cashRows": 0, "firstCryptoSpans": null}
2026-07-29T16:49:06 | INFO     | coinbase_webkit:001:abfa1ff7 | iOS-DOM probe: {"url": "https://www.coinbase.com/home", "path": "/home", "readyGate": true, "captchaVisible": false, "cryptoRows": 0, "cashRows": 0, "firstCryptoSpans": null}
2026-07-29T16:49:09 | INFO     | coinbase_webkit:001:abfa1ff7 | iOS-DOM probe: {"url": "https://www.coinbase.com/home", "path": "/home", "readyGate": true, "captchaVisible": false, "cryptoRows": 0, "cashRows": 0, "firstCryptoSpans": null}
2026-07-29T16:49:11 | INFO     | coinbase_webkit:001:abfa1ff7 | iOS-DOM probe: {"url": "https://www.coinbase.com/home", "path": "/home", "readyGate": true, "captchaVisible": false, "cryptoRows": 0, "cashRows": 0, "firstCryptoSpans": null}
2026-07-29T16:49:13 | INFO     | coinbase_webkit:001:abfa1ff7 | iOS-DOM probe: {"url": "https://www.coinbase.com/home", "path": "/home", "readyGate": true, "captchaVisible": false, "cryptoRows": 0, "cashRows": 0, "firstCryptoSpans": null}
2026-07-29T16:49:15 | INFO     | coinbase_webkit:001:abfa1ff7 | iOS-DOM probe: {"url": "https://www.coinbase.com/home", "path": "/home", "readyGate": true, "captchaVisible": false, "cryptoRows": 0, "cashRows": 0, "firstCryptoSpans": null}
2026-07-29T16:49:17 | INFO     | coinbase_webkit:001:abfa1ff7 | iOS-DOM probe: {"url": "https://www.coinbase.com/home", "path": "/home", "readyGate": true, "captchaVisible": false, "cryptoRows": 0, "cashRows": 0, "firstCryptoSpans": null}
2026-07-29T16:49:19 | INFO     | coinbase_webkit:001:abfa1ff7 | iOS-DOM probe: {"url": "https://www.coinbase.com/home", "path": "/home", "readyGate": true, "captchaVisible": false, "cryptoRows": 0, "cashRows": 0, "firstCryptoSpans": null}
2026-07-29T16:49:21 | INFO     | coinbase_webkit:001:abfa1ff7 | iOS-DOM probe: {"url": "https://www.coinbase.com/home", "path": "/home", "readyGate": true, "captchaVisible": false, "cryptoRows": 0, "cashRows": 0, "firstCryptoSpans": null}
2026-07-29T16:49:24 | INFO     | coinbase_webkit:001:abfa1ff7 | iOS-DOM probe: {"url": "https://www.coinbase.com/home", "path": "/home", "readyGate": true, "captchaVisible": false, "cryptoRows": 0, "cashRows": 0, "firstCryptoSpans": null}
2026-07-29T16:49:26 | INFO     | coinbase_webkit:001:abfa1ff7 | iOS-DOM probe: {"url": "https://www.coinbase.com/home", "path": "/home", "readyGate": true, "captchaVisible": false, "cryptoRows": 0, "cashRows": 0, "firstCryptoSpans": null}
2026-07-29T16:49:28 | INFO     | coinbase_webkit:001:abfa1ff7 | iOS-DOM probe: {"url": "https://www.coinbase.com/home", "path": "/home", "readyGate": true, "captchaVisible": false, "cryptoRows": 0, "cashRows": 0, "firstCryptoSpans": null}
2026-07-29T16:49:30 | INFO     | coinbase_webkit:001:abfa1ff7 | iOS-DOM probe: {"url": "https://www.coinbase.com/home", "path": "/home", "readyGate": true, "captchaVisible": false, "cryptoRows": 0, "cashRows": 0, "firstCryptoSpans": null}
2026-07-29T16:49:32 | INFO     | coinbase_webkit:001:abfa1ff7 | iOS-DOM probe: {"url": "https://www.coinbase.com/home", "path": "/home", "readyGate": true, "captchaVisible": false, "cryptoRows": 0, "cashRows": 0, "firstCryptoSpans": null}
2026-07-29T16:49:34 | INFO     | coinbase_webkit:001:abfa1ff7 | iOS-DOM probe: {"url": "https://www.coinbase.com/home", "path": "/home", "readyGate": true, "captchaVisible": false, "cryptoRows": 0, "cashRows": 0, "firstCryptoSpans": null}
2026-07-29T16:49:36 | INFO     | coinbase_webkit:001:abfa1ff7 | iOS-DOM probe: {"url": "https://www.coinbase.com/home", "path": "/home", "readyGate": true, "captchaVisible": false, "cryptoRows": 0, "cashRows": 0, "firstCryptoSpans": null}
2026-07-29T16:49:39 | INFO     | coinbase_webkit:001:abfa1ff7 | iOS-DOM probe: {"url": "https://www.coinbase.com/home", "path": "/home", "readyGate": true, "captchaVisible": false, "cryptoRows": 0, "cashRows": 0, "firstCryptoSpans": null}
2026-07-29T16:49:41 | INFO     | coinbase_webkit:001:abfa1ff7 | iOS-DOM probe: {"url": "https://www.coinbase.com/home", "path": "/home", "readyGate": true, "captchaVisible": false, "cryptoRows": 0, "cashRows": 0, "firstCryptoSpans": null}
2026-07-29T16:49:43 | INFO     | coinbase_webkit:001:abfa1ff7 | iOS-DOM probe: {"url": "https://www.coinbase.com/home", "path": "/home", "readyGate": true, "captchaVisible": false, "cryptoRows": 0, "cashRows": 0, "firstCryptoSpans": null}
2026-07-29T16:49:45 | INFO     | coinbase_webkit:001:abfa1ff7 | iOS-DOM probe: {"url": "https://www.coinbase.com/home", "path": "/home", "readyGate": true, "captchaVisible": false, "cryptoRows": 0, "cashRows": 0, "firstCryptoSpans": null}
2026-07-29T16:49:47 | INFO     | coinbase_webkit:001:abfa1ff7 | iOS-DOM probe: {"url": "https://www.coinbase.com/home", "path": "/home", "readyGate": true, "captchaVisible": false, "cryptoRows": 0, "cashRows": 0, "firstCryptoSpans": null}
2026-07-29T16:49:49 | INFO     | coinbase_webkit:001:abfa1ff7 | iOS-DOM probe: {"url": "https://www.coinbase.com/home", "path": "/home", "readyGate": true, "captchaVisible": false, "cryptoRows": 0, "cashRows": 0, "firstCryptoSpans": null}
2026-07-29T16:49:51 | INFO     | coinbase_webkit:001:abfa1ff7 | iOS-DOM probe: {"url": "https://www.coinbase.com/home", "path": "/home", "readyGate": true, "captchaVisible": false, "cryptoRows": 0, "cashRows": 0, "firstCryptoSpans": null}
2026-07-29T16:49:54 | INFO     | coinbase_webkit:001:abfa1ff7 | iOS-DOM probe: {"url": "https://www.coinbase.com/home", "path": "/home", "readyGate": true, "captchaVisible": false, "cryptoRows": 0, "cashRows": 0, "firstCryptoSpans": null}
2026-07-29T16:49:56 | INFO     | coinbase_webkit:001:abfa1ff7 | iOS-DOM probe: {"url": "https://www.coinbase.com/home", "path": "/home", "readyGate": true, "captchaVisible": false, "cryptoRows": 0, "cashRows": 0, "firstCryptoSpans": null}
2026-07-29T16:49:58 | INFO     | coinbase_webkit:001:abfa1ff7 | iOS-DOM probe: {"url": "https://www.coinbase.com/home", "path": "/home", "readyGate": true, "captchaVisible": false, "cryptoRows": 0, "cashRows": 0, "firstCryptoSpans": null}
2026-07-29T16:50:00 | INFO     | coinbase_webkit:001:abfa1ff7 | iOS-DOM probe: {"url": "https://www.coinbase.com/home", "path": "/home", "readyGate": true, "captchaVisible": false, "cryptoRows": 0, "cashRows": 0, "firstCryptoSpans": null}
2026-07-29T16:50:02 | INFO     | coinbase_webkit:001:abfa1ff7 | iOS-DOM probe: {"url": "https://www.coinbase.com/home", "path": "/home", "readyGate": true, "captchaVisible": false, "cryptoRows": 0, "cashRows": 0, "firstCryptoSpans": null}
2026-07-29T16:50:04 | INFO     | coinbase_webkit:001:abfa1ff7 | iOS-DOM probe: {"url": "https://www.coinbase.com/home", "path": "/home", "readyGate": true, "captchaVisible": false, "cryptoRows": 0, "cashRows": 0, "firstCryptoSpans": null}
2026-07-29T16:50:06 | INFO     | coinbase_webkit:001:abfa1ff7 | iOS-DOM probe: {"url": "https://www.coinbase.com/home", "path": "/home", "readyGate": true, "captchaVisible": false, "cryptoRows": 0, "cashRows": 0, "firstCryptoSpans": null}
2026-07-29T16:50:09 | INFO     | coinbase_webkit:001:abfa1ff7 | iOS-DOM probe: {"url": "https://www.coinbase.com/home", "path": "/home", "readyGate": true, "captchaVisible": false, "cryptoRows": 0, "cashRows": 0, "firstCryptoSpans": null}
2026-07-29T16:50:11 | INFO     | coinbase_webkit:001:abfa1ff7 | iOS-DOM probe: {"url": "https://www.coinbase.com/home", "path": "/home", "readyGate": true, "captchaVisible": false, "cryptoRows": 0, "cashRows": 0, "firstCryptoSpans": null}
2026-07-29T16:50:13 | INFO     | coinbase_webkit:001:abfa1ff7 | iOS-DOM probe: {"url": "https://www.coinbase.com/home", "path": "/home", "readyGate": true, "captchaVisible": false, "cryptoRows": 0, "cashRows": 0, "firstCryptoSpans": null}
2026-07-29T16:50:15 | INFO     | coinbase_webkit:001:abfa1ff7 | iOS-DOM probe: {"url": "https://www.coinbase.com/home", "path": "/home", "readyGate": true, "captchaVisible": false, "cryptoRows": 0, "cashRows": 0, "firstCryptoSpans": null}
2026-07-29T16:50:17 | INFO     | coinbase_webkit:001:abfa1ff7 | iOS-DOM probe: {"url": "https://www.coinbase.com/home", "path": "/home", "readyGate": true, "captchaVisible": false, "cryptoRows": 0, "cashRows": 0, "firstCryptoSpans": null}
2026-07-29T16:50:19 | INFO     | coinbase_webkit:001:abfa1ff7 | iOS-DOM probe: {"url": "https://www.coinbase.com/home", "path": "/home", "readyGate": true, "captchaVisible": false, "cryptoRows": 0, "cashRows": 0, "firstCryptoSpans": null}
2026-07-29T16:50:21 | INFO     | coinbase_webkit:001:abfa1ff7 | iOS-DOM probe: {"url": "https://www.coinbase.com/home", "path": "/home", "readyGate": true, "captchaVisible": false, "cryptoRows": 0, "cashRows": 0, "firstCryptoSpans": null}
2026-07-29T16:50:24 | INFO     | coinbase_webkit:001:abfa1ff7 | iOS-DOM probe: {"url": "https://www.coinbase.com/home", "path": "/home", "readyGate": true, "captchaVisible": false, "cryptoRows": 0, "cashRows": 0, "firstCryptoSpans": null}
2026-07-29T16:50:26 | INFO     | coinbase_webkit:001:abfa1ff7 | iOS-DOM probe: {"url": "https://www.coinbase.com/home", "path": "/home", "readyGate": true, "captchaVisible": false, "cryptoRows": 0, "cashRows": 0, "firstCryptoSpans": null}
2026-07-29T16:50:28 | INFO     | coinbase_webkit:001:abfa1ff7 | iOS-DOM probe: {"url": "https://www.coinbase.com/home", "path": "/home", "readyGate": true, "captchaVisible": false, "cryptoRows": 0, "cashRows": 0, "firstCryptoSpans": null}
2026-07-29T16:50:30 | INFO     | coinbase_webkit:001:abfa1ff7 | iOS-DOM probe: {"url": "https://www.coinbase.com/home", "path": "/home", "readyGate": true, "captchaVisible": false, "cryptoRows": 0, "cashRows": 0, "firstCryptoSpans": null}
2026-07-29T16:50:32 | INFO     | coinbase_webkit:001:abfa1ff7 | iOS-DOM probe: {"url": "https://www.coinbase.com/home", "path": "/home", "readyGate": true, "captchaVisible": false, "cryptoRows": 0, "cashRows": 0, "firstCryptoSpans": null}
2026-07-29T16:50:34 | INFO     | coinbase_webkit:001:abfa1ff7 | iOS-DOM probe: {"url": "https://www.coinbase.com/home", "path": "/home", "readyGate": true, "captchaVisible": false, "cryptoRows": 0, "cashRows": 0, "firstCryptoSpans": null}
2026-07-29T16:50:36 | INFO     | coinbase_webkit:001:abfa1ff7 | iOS-DOM probe: {"url": "https://www.coinbase.com/home", "path": "/home", "readyGate": true, "captchaVisible": false, "cryptoRows": 0, "cashRows": 0, "firstCryptoSpans": null}
2026-07-29T16:50:38 | INFO     | coinbase_webkit:001:abfa1ff7 | iOS-DOM probe: {"url": "https://www.coinbase.com/home", "path": "/home", "readyGate": true, "captchaVisible": false, "cryptoRows": 0, "cashRows": 0, "firstCryptoSpans": null}
2026-07-29T16:50:41 | INFO     | coinbase_webkit:001:abfa1ff7 | iOS-DOM probe: {"url": "https://www.coinbase.com/home", "path": "/home", "readyGate": true, "captchaVisible": false, "cryptoRows": 0, "cashRows": 0, "firstCryptoSpans": null}
2026-07-29T16:50:43 | INFO     | coinbase_webkit:001:abfa1ff7 | iOS-DOM probe: {"url": "https://www.coinbase.com/home", "path": "/home", "readyGate": true, "captchaVisible": false, "cryptoRows": 0, "cashRows": 0, "firstCryptoSpans": null}
2026-07-29T16:50:45 | INFO     | coinbase_webkit:001:abfa1ff7 | iOS-DOM probe: {"url": "https://www.coinbase.com/home", "path": "/home", "readyGate": true, "captchaVisible": false, "cryptoRows": 0, "cashRows": 0, "firstCryptoSpans": null}
2026-07-29T16:50:47 | INFO     | coinbase_webkit:001:abfa1ff7 | iOS-DOM probe: {"url": "https://www.coinbase.com/home", "path": "/home", "readyGate": true, "captchaVisible": false, "cryptoRows": 0, "cashRows": 0, "firstCryptoSpans": null}
2026-07-29T16:50:49 | INFO     | coinbase_webkit:001:abfa1ff7 | iOS-DOM probe: {"url": "https://www.coinbase.com/home", "path": "/home", "readyGate": true, "captchaVisible": false, "cryptoRows": 0, "cashRows": 0, "firstCryptoSpans": null}
2026-07-29T16:50:51 | INFO     | coinbase_webkit:001:abfa1ff7 | iOS-DOM probe: {"url": "https://www.coinbase.com/home", "path": "/home", "readyGate": true, "captchaVisible": false, "cryptoRows": 0, "cashRows": 0, "firstCryptoSpans": null}
2026-07-29T16:50:54 | INFO     | coinbase_webkit:001:abfa1ff7 | iOS-DOM probe: {"url": "https://www.coinbase.com/home", "path": "/home", "readyGate": true, "captchaVisible": false, "cryptoRows": 0, "cashRows": 0, "firstCryptoSpans": null}
2026-07-29T16:50:56 | INFO     | coinbase_webkit:001:abfa1ff7 | iOS-DOM probe: {"url": "https://www.coinbase.com/home", "path": "/home", "readyGate": true, "captchaVisible": false, "cryptoRows": 0, "cashRows": 0, "firstCryptoSpans": null}
2026-07-29T16:50:58 | INFO     | coinbase_webkit:001:abfa1ff7 | iOS-DOM probe: {"url": "https://www.coinbase.com/home", "path": "/home", "readyGate": true, "captchaVisible": false, "cryptoRows": 0, "cashRows": 0, "firstCryptoSpans": null}
2026-07-29T16:51:00 | INFO     | coinbase_webkit:001:abfa1ff7 | iOS-DOM probe: {"url": "https://www.coinbase.com/home", "path": "/home", "readyGate": true, "captchaVisible": false, "cryptoRows": 0, "cashRows": 0, "firstCryptoSpans": null}
2026-07-29T16:51:02 | INFO     | coinbase_webkit:001:abfa1ff7 | iOS-DOM probe: {"url": "https://www.coinbase.com/home", "path": "/home", "readyGate": true, "captchaVisible": false, "cryptoRows": 0, "cashRows": 0, "firstCryptoSpans": null}
2026-07-29T16:51:04 | INFO     | coinbase_webkit:001:abfa1ff7 | iOS-DOM probe: {"url": "https://www.coinbase.com/home", "path": "/home", "readyGate": true, "captchaVisible": false, "cryptoRows": 0, "cashRows": 0, "firstCryptoSpans": null}
2026-07-29T16:51:07 | INFO     | coinbase_webkit:001:abfa1ff7 | iOS-DOM probe: {"url": "https://www.coinbase.com/home", "path": "/home", "readyGate": true, "captchaVisible": false, "cryptoRows": 0, "cashRows": 0, "firstCryptoSpans": null}
2026-07-29T16:51:09 | INFO     | coinbase_webkit:001:abfa1ff7 | iOS-DOM probe: {"url": "https://www.coinbase.com/home", "path": "/home", "readyGate": true, "captchaVisible": false, "cryptoRows": 0, "cashRows": 0, "firstCryptoSpans": null}
2026-07-29T16:51:11 | INFO     | coinbase_webkit:001:abfa1ff7 | iOS-DOM probe: {"url": "https://www.coinbase.com/home", "path": "/home", "readyGate": true, "captchaVisible": false, "cryptoRows": 0, "cashRows": 0, "firstCryptoSpans": null}
2026-07-29T16:51:13 | INFO     | coinbase_webkit:001:abfa1ff7 | iOS-DOM probe: {"url": "https://www.coinbase.com/home", "path": "/home", "readyGate": true, "captchaVisible": false, "cryptoRows": 0, "cashRows": 0, "firstCryptoSpans": null}
2026-07-29T16:51:15 | INFO     | coinbase_webkit:001:abfa1ff7 | iOS-DOM probe: {"url": "https://www.coinbase.com/home", "path": "/home", "readyGate": true, "captchaVisible": false, "cryptoRows": 0, "cashRows": 0, "firstCryptoSpans": null}
2026-07-29T16:51:17 | INFO     | coinbase_webkit:001:abfa1ff7 | iOS-DOM probe: {"url": "https://www.coinbase.com/home", "path": "/home", "readyGate": true, "captchaVisible": false, "cryptoRows": 0, "cashRows": 0, "firstCryptoSpans": null}
2026-07-29T16:51:19 | INFO     | coinbase_webkit:001:abfa1ff7 | iOS-DOM probe: {"url": "https://www.coinbase.com/home", "path": "/home", "readyGate": true, "captchaVisible": false, "cryptoRows": 0, "cashRows": 0, "firstCryptoSpans": null}
2026-07-29T16:51:22 | INFO     | coinbase_webkit:001:abfa1ff7 | iOS-DOM probe: {"url": "https://www.coinbase.com/home", "path": "/home", "readyGate": true, "captchaVisible": false, "cryptoRows": 0, "cashRows": 0, "firstCryptoSpans": null}
2026-07-29T16:51:24 | INFO     | coinbase_webkit:001:abfa1ff7 | iOS-DOM probe: {"url": "https://www.coinbase.com/home", "path": "/home", "readyGate": true, "captchaVisible": false, "cryptoRows": 0, "cashRows": 0, "firstCryptoSpans": null}
2026-07-29T16:51:26 | INFO     | coinbase_webkit:001:abfa1ff7 | iOS-DOM probe: {"url": "https://www.coinbase.com/home", "path": "/home", "readyGate": true, "captchaVisible": false, "cryptoRows": 0, "cashRows": 0, "firstCryptoSpans": null}
2026-07-29T16:51:28 | INFO     | coinbase_webkit:001:abfa1ff7 | iOS-DOM probe: {"url": "https://www.coinbase.com/home", "path": "/home", "readyGate": true, "captchaVisible": false, "cryptoRows": 0, "cashRows": 0, "firstCryptoSpans": null}
2026-07-29T16:51:30 | INFO     | coinbase_webkit:001:abfa1ff7 | iOS-DOM probe: {"url": "https://www.coinbase.com/home", "path": "/home", "readyGate": true, "captchaVisible": false, "cryptoRows": 0, "cashRows": 0, "firstCryptoSpans": null}
2026-07-29T16:51:32 | INFO     | coinbase_webkit:001:abfa1ff7 | iOS-DOM probe: {"url": "https://www.coinbase.com/home", "path": "/home", "readyGate": true, "captchaVisible": false, "cryptoRows": 0, "cashRows": 0, "firstCryptoSpans": null}
2026-07-29T16:51:34 | INFO     | coinbase_webkit:001:abfa1ff7 | iOS-DOM probe: {"url": "https://www.coinbase.com/home", "path": "/home", "readyGate": true, "captchaVisible": false, "cryptoRows": 0, "cashRows": 0, "firstCryptoSpans": null}
2026-07-29T16:51:37 | INFO     | coinbase_webkit:001:abfa1ff7 | iOS-DOM probe: {"url": "https://www.coinbase.com/home", "path": "/home", "readyGate": true, "captchaVisible": false, "cryptoRows": 0, "cashRows": 0, "firstCryptoSpans": null}
2026-07-29T16:51:39 | INFO     | coinbase_webkit:001:abfa1ff7 | iOS-DOM probe: {"url": "https://www.coinbase.com/home", "path": "/home", "readyGate": true, "captchaVisible": false, "cryptoRows": 0, "cashRows": 0, "firstCryptoSpans": null}
2026-07-29T16:51:41 | INFO     | coinbase_webkit:001:abfa1ff7 | iOS-DOM probe: {"url": "https://www.coinbase.com/home", "path": "/home", "readyGate": true, "captchaVisible": false, "cryptoRows": 0, "cashRows": 0, "firstCryptoSpans": null}
2026-07-29T16:51:43 | INFO     | coinbase_webkit:001:abfa1ff7 | iOS-DOM probe: {"url": "https://www.coinbase.com/home", "path": "/home", "readyGate": true, "captchaVisible": false, "cryptoRows": 0, "cashRows": 0, "firstCryptoSpans": null}
2026-07-29T16:51:45 | INFO     | coinbase_webkit:001:abfa1ff7 | iOS-DOM probe: {"url": "https://www.coinbase.com/home", "path": "/home", "readyGate": true, "captchaVisible": false, "cryptoRows": 0, "cashRows": 0, "firstCryptoSpans": null}
2026-07-29T16:51:47 | INFO     | coinbase_webkit:001:abfa1ff7 | iOS-DOM probe: {"url": "https://www.coinbase.com/home", "path": "/home", "readyGate": true, "captchaVisible": false, "cryptoRows": 0, "cashRows": 0, "firstCryptoSpans": null}
2026-07-29T16:51:50 | INFO     | coinbase_webkit:001:abfa1ff7 | iOS-DOM probe: {"url": "https://www.coinbase.com/home", "path": "/home", "readyGate": true, "captchaVisible": false, "cryptoRows": 0, "cashRows": 0, "firstCryptoSpans": null}
2026-07-29T16:51:52 | INFO     | coinbase_webkit:001:abfa1ff7 | iOS-DOM probe: {"url": "https://www.coinbase.com/home", "path": "/home", "readyGate": true, "captchaVisible": false, "cryptoRows": 0, "cashRows": 0, "firstCryptoSpans": null}
2026-07-29T16:51:54 | INFO     | coinbase_webkit:001:abfa1ff7 | iOS-DOM probe: {"url": "https://www.coinbase.com/home", "path": "/home", "readyGate": true, "captchaVisible": false, "cryptoRows": 0, "cashRows": 0, "firstCryptoSpans": null}
2026-07-29T16:51:56 | INFO     | coinbase_webkit:001:abfa1ff7 | iOS-DOM probe: {"url": "https://www.coinbase.com/home", "path": "/home", "readyGate": true, "captchaVisible": false, "cryptoRows": 0, "cashRows": 0, "firstCryptoSpans": null}
2026-07-29T16:51:58 | INFO     | coinbase_webkit:001:abfa1ff7 | iOS-DOM probe: {"url": "https://www.coinbase.com/home", "path": "/home", "readyGate": true, "captchaVisible": false, "cryptoRows": 0, "cashRows": 0, "firstCryptoSpans": null}
2026-07-29T16:52:00 | INFO     | coinbase_webkit:001:abfa1ff7 | iOS-DOM probe: {"url": "https://www.coinbase.com/home", "path": "/home", "readyGate": true, "captchaVisible": false, "cryptoRows": 0, "cashRows": 0, "firstCryptoSpans": null}
2026-07-29T16:52:02 | INFO     | coinbase_webkit:001:abfa1ff7 | iOS-DOM probe: {"url": "https://www.coinbase.com/home", "path": "/home", "readyGate": true, "captchaVisible": false, "cryptoRows": 0, "cashRows": 0, "firstCryptoSpans": null}
2026-07-29T16:52:05 | INFO     | coinbase_webkit:001:abfa1ff7 | iOS-DOM probe: {"url": "https://www.coinbase.com/home", "path": "/home", "readyGate": true, "captchaVisible": false, "cryptoRows": 0, "cashRows": 0, "firstCryptoSpans": null}
2026-07-29T16:52:07 | INFO     | coinbase_webkit:001:abfa1ff7 | iOS-DOM probe: {"url": "https://www.coinbase.com/home", "path": "/home", "readyGate": true, "captchaVisible": false, "cryptoRows": 0, "cashRows": 0, "firstCryptoSpans": null}
2026-07-29T16:52:09 | INFO     | coinbase_webkit:001:abfa1ff7 | iOS-DOM probe: {"url": "https://www.coinbase.com/home", "path": "/home", "readyGate": true, "captchaVisible": false, "cryptoRows": 0, "cashRows": 0, "firstCryptoSpans": null}
2026-07-29T16:52:11 | INFO     | coinbase_webkit:001:abfa1ff7 | iOS-DOM probe: {"url": "https://www.coinbase.com/home", "path": "/home", "readyGate": true, "captchaVisible": false, "cryptoRows": 0, "cashRows": 0, "firstCryptoSpans": null}
2026-07-29T16:52:13 | INFO     | coinbase_webkit:001:abfa1ff7 | iOS-DOM probe: {"url": "https://www.coinbase.com/home", "path": "/home", "readyGate": true, "captchaVisible": false, "cryptoRows": 0, "cashRows": 0, "firstCryptoSpans": null}
2026-07-29T16:52:15 | INFO     | coinbase_webkit:001:abfa1ff7 | iOS-DOM probe: {"url": "https://www.coinbase.com/home", "path": "/home", "readyGate": true, "captchaVisible": false, "cryptoRows": 0, "cashRows": 0, "firstCryptoSpans": null}
2026-07-29T16:52:18 | INFO     | coinbase_webkit:001:abfa1ff7 | iOS-DOM probe: {"url": "https://www.coinbase.com/home", "path": "/home", "readyGate": true, "captchaVisible": false, "cryptoRows": 0, "cashRows": 0, "firstCryptoSpans": null}
2026-07-29T16:52:20 | INFO     | coinbase_webkit:001:abfa1ff7 | iOS-DOM probe: {"url": "https://www.coinbase.com/home", "path": "/home", "readyGate": true, "captchaVisible": false, "cryptoRows": 0, "cashRows": 0, "firstCryptoSpans": null}
2026-07-29T16:52:22 | INFO     | coinbase_webkit:001:abfa1ff7 | iOS-DOM probe: {"url": "https://www.coinbase.com/home", "path": "/home", "readyGate": true, "captchaVisible": false, "cryptoRows": 0, "cashRows": 0, "firstCryptoSpans": null}
2026-07-29T16:52:24 | INFO     | coinbase_webkit:001:abfa1ff7 | iOS-DOM probe: {"url": "https://www.coinbase.com/home", "path": "/home", "readyGate": true, "captchaVisible": false, "cryptoRows": 0, "cashRows": 0, "firstCryptoSpans": null}
2026-07-29T16:52:26 | INFO     | coinbase_webkit:001:abfa1ff7 | iOS-DOM probe: {"url": "https://www.coinbase.com/home", "path": "/home", "readyGate": true, "captchaVisible": false, "cryptoRows": 0, "cashRows": 0, "firstCryptoSpans": null}
2026-07-29T16:52:28 | INFO     | coinbase_webkit:001:abfa1ff7 | iOS-DOM probe: {"url": "https://www.coinbase.com/home", "path": "/home", "readyGate": true, "captchaVisible": false, "cryptoRows": 0, "cashRows": 0, "firstCryptoSpans": null}
2026-07-29T16:52:30 | INFO     | coinbase_webkit:001:abfa1ff7 | iOS-DOM probe: {"url": "https://www.coinbase.com/home", "path": "/home", "readyGate": true, "captchaVisible": false, "cryptoRows": 0, "cashRows": 0, "firstCryptoSpans": null}
2026-07-29T16:52:33 | INFO     | coinbase_webkit:001:abfa1ff7 | iOS-DOM probe: {"url": "https://www.coinbase.com/home", "path": "/home", "readyGate": true, "captchaVisible": false, "cryptoRows": 0, "cashRows": 0, "firstCryptoSpans": null}
2026-07-29T16:52:35 | INFO     | coinbase_webkit:001:abfa1ff7 | iOS-DOM probe: {"url": "https://www.coinbase.com/home", "path": "/home", "readyGate": true, "captchaVisible": false, "cryptoRows": 0, "cashRows": 0, "firstCryptoSpans": null}
2026-07-29T16:52:37 | INFO     | coinbase_webkit:001:abfa1ff7 | iOS-DOM probe: {"url": "https://www.coinbase.com/home", "path": "/home", "readyGate": true, "captchaVisible": false, "cryptoRows": 0, "cashRows": 0, "firstCryptoSpans": null}
2026-07-29T16:52:39 | INFO     | coinbase_webkit:001:abfa1ff7 | iOS-DOM probe: {"url": "https://www.coinbase.com/home", "path": "/home", "readyGate": true, "captchaVisible": false, "cryptoRows": 0, "cashRows": 0, "firstCryptoSpans": null}
2026-07-29T16:52:41 | INFO     | coinbase_webkit:001:abfa1ff7 | iOS-DOM probe: {"url": "https://www.coinbase.com/home", "path": "/home", "readyGate": true, "captchaVisible": false, "cryptoRows": 0, "cashRows": 0, "firstCryptoSpans": null}
2026-07-29T16:52:43 | INFO     | coinbase_webkit:001:abfa1ff7 | iOS-DOM probe: {"url": "https://www.coinbase.com/home", "path": "/home", "readyGate": true, "captchaVisible": false, "cryptoRows": 0, "cashRows": 0, "firstCryptoSpans": null}
2026-07-29T16:52:45 | INFO     | coinbase_webkit:001:abfa1ff7 | iOS-DOM probe: {"url": "https://www.coinbase.com/home", "path": "/home", "readyGate": true, "captchaVisible": false, "cryptoRows": 0, "cashRows": 0, "firstCryptoSpans": null}
2026-07-29T16:52:48 | INFO     | coinbase_webkit:001:abfa1ff7 | iOS-DOM probe: {"url": "https://www.coinbase.com/home", "path": "/home", "readyGate": true, "captchaVisible": false, "cryptoRows": 0, "cashRows": 0, "firstCryptoSpans": null}
2026-07-29T16:52:50 | INFO     | coinbase_webkit:001:abfa1ff7 | iOS-DOM probe: {"url": "https://www.coinbase.com/home", "path": "/home", "readyGate": true, "captchaVisible": false, "cryptoRows": 0, "cashRows": 0, "firstCryptoSpans": null}
2026-07-29T16:52:52 | INFO     | coinbase_webkit:001:abfa1ff7 | iOS-DOM probe: {"url": "https://www.coinbase.com/home", "path": "/home", "readyGate": true, "captchaVisible": false, "cryptoRows": 0, "cashRows": 0, "firstCryptoSpans": null}
2026-07-29T16:52:54 | INFO     | coinbase_webkit:001:abfa1ff7 | iOS-DOM probe: {"url": "https://www.coinbase.com/home", "path": "/home", "readyGate": true, "captchaVisible": false, "cryptoRows": 0, "cashRows": 0, "firstCryptoSpans": null}
2026-07-29T16:52:56 | INFO     | coinbase_webkit:001:abfa1ff7 | iOS-DOM probe: {"url": "https://www.coinbase.com/home", "path": "/home", "readyGate": true, "captchaVisible": false, "cryptoRows": 0, "cashRows": 0, "firstCryptoSpans": null}
2026-07-29T16:52:58 | INFO     | coinbase_webkit:001:abfa1ff7 | iOS-DOM probe: {"url": "https://www.coinbase.com/home", "path": "/home", "readyGate": true, "captchaVisible": false, "cryptoRows": 0, "cashRows": 0, "firstCryptoSpans": null}
2026-07-29T16:53:01 | INFO     | coinbase_webkit:001:abfa1ff7 | iOS-DOM probe: {"url": "https://www.coinbase.com/home", "path": "/home", "readyGate": true, "captchaVisible": false, "cryptoRows": 0, "cashRows": 0, "firstCryptoSpans": null}
2026-07-29T16:53:03 | INFO     | coinbase_webkit:001:abfa1ff7 | iOS-DOM probe: {"url": "https://www.coinbase.com/home", "path": "/home", "readyGate": true, "captchaVisible": false, "cryptoRows": 0, "cashRows": 0, "firstCryptoSpans": null}
2026-07-29T16:53:05 | INFO     | coinbase_webkit:001:abfa1ff7 | iOS-DOM probe: {"url": "https://www.coinbase.com/home", "path": "/home", "readyGate": true, "captchaVisible": false, "cryptoRows": 0, "cashRows": 0, "firstCryptoSpans": null}
2026-07-29T16:53:07 | INFO     | coinbase_webkit:001:abfa1ff7 | iOS-DOM probe: {"url": "https://www.coinbase.com/home", "path": "/home", "readyGate": true, "captchaVisible": false, "cryptoRows": 0, "cashRows": 0, "firstCryptoSpans": null}
2026-07-29T16:53:09 | INFO     | coinbase_webkit:001:abfa1ff7 | iOS-DOM probe: {"url": "https://www.coinbase.com/home", "path": "/home", "readyGate": true, "captchaVisible": false, "cryptoRows": 0, "cashRows": 0, "firstCryptoSpans": null}
2026-07-29T16:53:10 | WARNING  | coinbase_webkit:001:abfa1ff7 | GraphQL captured op=useUserPerformanceSubscription status=200
2026-07-29T16:53:10 | WARNING  | coinbase_webkit:001:abfa1ff7 | GraphQL captured op=useUserPerformanceSubscription status=200
2026-07-29T16:53:11 | INFO     | coinbase_webkit:001:abfa1ff7 | iOS-DOM probe: {"url": "https://www.coinbase.com/home", "path": "/home", "readyGate": true, "captchaVisible": false, "cryptoRows": 0, "cashRows": 0, "firstCryptoSpans": null}
2026-07-29T16:53:13 | INFO     | coinbase_webkit:001:abfa1ff7 | iOS-DOM probe: {"url": "https://www.coinbase.com/home", "path": "/home", "readyGate": true, "captchaVisible": false, "cryptoRows": 0, "cashRows": 0, "firstCryptoSpans": null}
2026-07-29T16:53:16 | INFO     | coinbase_webkit:001:abfa1ff7 | iOS-DOM probe: {"url": "https://www.coinbase.com/home", "path": "/home", "readyGate": true, "captchaVisible": false, "cryptoRows": 0, "cashRows": 0, "firstCryptoSpans": null}
2026-07-29T16:53:18 | INFO     | coinbase_webkit:001:abfa1ff7 | iOS-DOM probe: {"url": "https://www.coinbase.com/home", "path": "/home", "readyGate": true, "captchaVisible": false, "cryptoRows": 0, "cashRows": 0, "firstCryptoSpans": null}
2026-07-29T16:53:20 | INFO     | coinbase_webkit:001:abfa1ff7 | iOS-DOM probe: {"url": "https://www.coinbase.com/home", "path": "/home", "readyGate": true, "captchaVisible": false, "cryptoRows": 0, "cashRows": 0, "firstCryptoSpans": null}
2026-07-29T16:53:22 | INFO     | coinbase_webkit:001:abfa1ff7 | iOS-DOM probe: {"url": "https://www.coinbase.com/home", "path": "/home", "readyGate": true, "captchaVisible": false, "cryptoRows": 0, "cashRows": 0, "firstCryptoSpans": null}
2026-07-29T16:53:24 | INFO     | coinbase_webkit:001:abfa1ff7 | iOS-DOM probe: {"url": "https://www.coinbase.com/home", "path": "/home", "readyGate": true, "captchaVisible": false, "cryptoRows": 0, "cashRows": 0, "firstCryptoSpans": null}
2026-07-29T16:53:26 | INFO     | coinbase_webkit:001:abfa1ff7 | iOS-DOM probe: {"url": "https://www.coinbase.com/home", "path": "/home", "readyGate": true, "captchaVisible": false, "cryptoRows": 0, "cashRows": 0, "firstCryptoSpans": null}
2026-07-29T16:53:29 | INFO     | coinbase_webkit:001:abfa1ff7 | iOS-DOM probe: {"url": "https://www.coinbase.com/home", "path": "/home", "readyGate": true, "captchaVisible": false, "cryptoRows": 0, "cashRows": 0, "firstCryptoSpans": null}
2026-07-29T16:53:31 | INFO     | coinbase_webkit:001:abfa1ff7 | iOS-DOM probe: {"url": "https://www.coinbase.com/home", "path": "/home", "readyGate": true, "captchaVisible": false, "cryptoRows": 0, "cashRows": 0, "firstCryptoSpans": null}
2026-07-29T16:53:33 | INFO     | coinbase_webkit:001:abfa1ff7 | iOS-DOM probe: {"url": "https://www.coinbase.com/home", "path": "/home", "readyGate": true, "captchaVisible": false, "cryptoRows": 0, "cashRows": 0, "firstCryptoSpans": null}
2026-07-29T16:53:35 | INFO     | coinbase_webkit:001:abfa1ff7 | iOS-DOM probe: {"url": "https://www.coinbase.com/home", "path": "/home", "readyGate": true, "captchaVisible": false, "cryptoRows": 0, "cashRows": 0, "firstCryptoSpans": null}
2026-07-29T16:53:37 | INFO     | coinbase_webkit:001:abfa1ff7 | iOS-DOM probe: {"url": "https://www.coinbase.com/home", "path": "/home", "readyGate": true, "captchaVisible": false, "cryptoRows": 0, "cashRows": 0, "firstCryptoSpans": null}
2026-07-29T16:53:39 | INFO     | coinbase_webkit:001:abfa1ff7 | iOS-DOM probe: {"url": "https://www.coinbase.com/home", "path": "/home", "readyGate": true, "captchaVisible": false, "cryptoRows": 0, "cashRows": 0, "firstCryptoSpans": null}
2026-07-29T16:53:42 | INFO     | coinbase_webkit:001:abfa1ff7 | iOS-DOM probe: {"url": "https://www.coinbase.com/home", "path": "/home", "readyGate": true, "captchaVisible": false, "cryptoRows": 0, "cashRows": 0, "firstCryptoSpans": null}
2026-07-29T16:53:44 | INFO     | coinbase_webkit:001:abfa1ff7 | iOS-DOM probe: {"url": "https://www.coinbase.com/home", "path": "/home", "readyGate": true, "captchaVisible": false, "cryptoRows": 0, "cashRows": 0, "firstCryptoSpans": null}
2026-07-29T16:53:46 | INFO     | coinbase_webkit:001:abfa1ff7 | iOS-DOM probe: {"url": "https://www.coinbase.com/home", "path": "/home", "readyGate": true, "captchaVisible": false, "cryptoRows": 0, "cashRows": 0, "firstCryptoSpans": null}
2026-07-29T16:53:48 | INFO     | coinbase_webkit:001:abfa1ff7 | iOS-DOM probe: {"url": "https://www.coinbase.com/home", "path": "/home", "readyGate": true, "captchaVisible": false, "cryptoRows": 0, "cashRows": 0, "firstCryptoSpans": null}
2026-07-29T16:53:50 | INFO     | coinbase_webkit:001:abfa1ff7 | iOS-DOM probe: {"url": "https://www.coinbase.com/home", "path": "/home", "readyGate": true, "captchaVisible": false, "cryptoRows": 0, "cashRows": 0, "firstCryptoSpans": null}
2026-07-29T16:53:52 | INFO     | coinbase_webkit:001:abfa1ff7 | iOS-DOM probe: {"url": "https://www.coinbase.com/home", "path": "/home", "readyGate": true, "captchaVisible": false, "cryptoRows": 0, "cashRows": 0, "firstCryptoSpans": null}
2026-07-29T16:53:54 | INFO     | coinbase_webkit:001:abfa1ff7 | iOS-DOM probe: {"url": "https://www.coinbase.com/home", "path": "/home", "readyGate": true, "captchaVisible": false, "cryptoRows": 0, "cashRows": 0, "firstCryptoSpans": null}
2026-07-29T16:53:57 | INFO     | coinbase_webkit:001:abfa1ff7 | iOS-DOM probe: {"url": "https://www.coinbase.com/home", "path": "/home", "readyGate": true, "captchaVisible": false, "cryptoRows": 0, "cashRows": 0, "firstCryptoSpans": null}
2026-07-29T16:53:59 | INFO     | coinbase_webkit:001:abfa1ff7 | iOS-DOM probe: {"url": "https://www.coinbase.com/home", "path": "/home", "readyGate": true, "captchaVisible": false, "cryptoRows": 0, "cashRows": 0, "firstCryptoSpans": null}
2026-07-29T16:54:01 | INFO     | coinbase_webkit:001:abfa1ff7 | iOS-DOM probe: {"url": "https://www.coinbase.com/home", "path": "/home", "readyGate": true, "captchaVisible": false, "cryptoRows": 0, "cashRows": 0, "firstCryptoSpans": null}
2026-07-29T16:54:03 | INFO     | coinbase_webkit:001:abfa1ff7 | iOS-DOM probe: {"url": "https://www.coinbase.com/home", "path": "/home", "readyGate": true, "captchaVisible": false, "cryptoRows": 0, "cashRows": 0, "firstCryptoSpans": null}
2026-07-29T16:54:05 | INFO     | coinbase_webkit:001:abfa1ff7 | iOS-DOM probe: {"url": "https://www.coinbase.com/home", "path": "/home", "readyGate": true, "captchaVisible": false, "cryptoRows": 0, "cashRows": 0, "firstCryptoSpans": null}
2026-07-29T16:54:07 | INFO     | coinbase_webkit:001:abfa1ff7 | iOS-DOM probe: {"url": "https://www.coinbase.com/home", "path": "/home", "readyGate": true, "captchaVisible": false, "cryptoRows": 0, "cashRows": 0, "firstCryptoSpans": null}
2026-07-29T16:54:09 | INFO     | coinbase_webkit:001:abfa1ff7 | iOS-DOM probe: {"url": "https://www.coinbase.com/home", "path": "/home", "readyGate": true, "captchaVisible": false, "cryptoRows": 0, "cashRows": 0, "firstCryptoSpans": null}
2026-07-29T16:54:12 | INFO     | coinbase_webkit:001:abfa1ff7 | iOS-DOM probe: {"url": "https://www.coinbase.com/home", "path": "/home", "readyGate": true, "captchaVisible": false, "cryptoRows": 0, "cashRows": 0, "firstCryptoSpans": null}
2026-07-29T16:54:14 | INFO     | coinbase_webkit:001:abfa1ff7 | iOS-DOM probe: {"url": "https://www.coinbase.com/home", "path": "/home", "readyGate": true, "captchaVisible": false, "cryptoRows": 0, "cashRows": 0, "firstCryptoSpans": null}
2026-07-29T16:54:16 | INFO     | coinbase_webkit:001:abfa1ff7 | iOS-DOM probe: {"url": "https://www.coinbase.com/home", "path": "/home", "readyGate": true, "captchaVisible": false, "cryptoRows": 0, "cashRows": 0, "firstCryptoSpans": null}
2026-07-29T16:54:18 | INFO     | coinbase_webkit:001:abfa1ff7 | iOS-DOM probe: {"url": "https://www.coinbase.com/home", "path": "/home", "readyGate": true, "captchaVisible": false, "cryptoRows": 0, "cashRows": 0, "firstCryptoSpans": null}
2026-07-29T16:54:20 | INFO     | coinbase_webkit:001:abfa1ff7 | iOS-DOM probe: {"url": "https://www.coinbase.com/home", "path": "/home", "readyGate": true, "captchaVisible": false, "cryptoRows": 0, "cashRows": 0, "firstCryptoSpans": null}
2026-07-29T16:54:22 | INFO     | coinbase_webkit:001:abfa1ff7 | iOS-DOM probe: {"url": "https://www.coinbase.com/home", "path": "/home", "readyGate": true, "captchaVisible": false, "cryptoRows": 0, "cashRows": 0, "firstCryptoSpans": null}
2026-07-29T16:54:25 | INFO     | coinbase_webkit:001:abfa1ff7 | iOS-DOM probe: {"url": "https://www.coinbase.com/home", "path": "/home", "readyGate": true, "captchaVisible": false, "cryptoRows": 0, "cashRows": 0, "firstCryptoSpans": null}
2026-07-29T16:54:27 | INFO     | coinbase_webkit:001:abfa1ff7 | iOS-DOM probe: {"url": "https://www.coinbase.com/home", "path": "/home", "readyGate": true, "captchaVisible": false, "cryptoRows": 0, "cashRows": 0, "firstCryptoSpans": null}
2026-07-29T16:54:29 | INFO     | coinbase_webkit:001:abfa1ff7 | iOS-DOM probe: {"url": "https://www.coinbase.com/home", "path": "/home", "readyGate": true, "captchaVisible": false, "cryptoRows": 0, "cashRows": 0, "firstCryptoSpans": null}
2026-07-29T16:54:31 | INFO     | coinbase_webkit:001:abfa1ff7 | iOS-DOM probe: {"url": "https://www.coinbase.com/home", "path": "/home", "readyGate": true, "captchaVisible": false, "cryptoRows": 0, "cashRows": 0, "firstCryptoSpans": null}
2026-07-29T16:54:33 | INFO     | coinbase_webkit:001:abfa1ff7 | iOS-DOM probe: {"url": "https://www.coinbase.com/home", "path": "/home", "readyGate": true, "captchaVisible": false, "cryptoRows": 0, "cashRows": 0, "firstCryptoSpans": null}
2026-07-29T16:54:35 | INFO     | coinbase_webkit:001:abfa1ff7 | iOS-DOM probe: {"url": "https://www.coinbase.com/home", "path": "/home", "readyGate": true, "captchaVisible": false, "cryptoRows": 0, "cashRows": 0, "firstCryptoSpans": null}
2026-07-29T16:54:38 | INFO     | coinbase_webkit:001:abfa1ff7 | iOS-DOM probe: {"url": "https://www.coinbase.com/home", "path": "/home", "readyGate": true, "captchaVisible": false, "cryptoRows": 0, "cashRows": 0, "firstCryptoSpans": null}
2026-07-29T16:54:40 | INFO     | coinbase_webkit:001:abfa1ff7 | iOS-DOM probe: {"url": "https://www.coinbase.com/home", "path": "/home", "readyGate": true, "captchaVisible": false, "cryptoRows": 0, "cashRows": 0, "firstCryptoSpans": null}
2026-07-29T16:54:42 | INFO     | coinbase_webkit:001:abfa1ff7 | iOS-DOM probe: {"url": "https://www.coinbase.com/home", "path": "/home", "readyGate": true, "captchaVisible": false, "cryptoRows": 0, "cashRows": 0, "firstCryptoSpans": null}
2026-07-29T16:54:44 | INFO     | coinbase_webkit:001:abfa1ff7 | iOS-DOM probe: {"url": "https://www.coinbase.com/home", "path": "/home", "readyGate": true, "captchaVisible": false, "cryptoRows": 0, "cashRows": 0, "firstCryptoSpans": null}
2026-07-29T16:54:46 | INFO     | coinbase_webkit:001:abfa1ff7 | iOS-DOM probe: {"url": "https://www.coinbase.com/home", "path": "/home", "readyGate": true, "captchaVisible": false, "cryptoRows": 0, "cashRows": 0, "firstCryptoSpans": null}
2026-07-29T16:54:48 | INFO     | coinbase_webkit:001:abfa1ff7 | iOS-DOM probe: {"url": "https://www.coinbase.com/home", "path": "/home", "readyGate": true, "captchaVisible": false, "cryptoRows": 0, "cashRows": 0, "firstCryptoSpans": null}
2026-07-29T16:54:50 | INFO     | coinbase_webkit:001:abfa1ff7 | iOS-DOM probe: {"url": "https://www.coinbase.com/home", "path": "/home", "readyGate": true, "captchaVisible": false, "cryptoRows": 0, "cashRows": 0, "firstCryptoSpans": null}
2026-07-29T16:54:53 | INFO     | coinbase_webkit:001:abfa1ff7 | iOS-DOM probe: {"url": "https://www.coinbase.com/home", "path": "/home", "readyGate": true, "captchaVisible": false, "cryptoRows": 0, "cashRows": 0, "firstCryptoSpans": null}
2026-07-29T16:54:55 | INFO     | coinbase_webkit:001:abfa1ff7 | iOS-DOM probe: {"url": "https://www.coinbase.com/home", "path": "/home", "readyGate": true, "captchaVisible": false, "cryptoRows": 0, "cashRows": 0, "firstCryptoSpans": null}
2026-07-29T16:54:57 | INFO     | coinbase_webkit:001:abfa1ff7 | iOS-DOM probe: {"url": "https://www.coinbase.com/home", "path": "/home", "readyGate": true, "captchaVisible": false, "cryptoRows": 0, "cashRows": 0, "firstCryptoSpans": null}
2026-07-29T16:54:59 | INFO     | coinbase_webkit:001:abfa1ff7 | iOS-DOM probe: {"url": "https://www.coinbase.com/home", "path": "/home", "readyGate": true, "captchaVisible": false, "cryptoRows": 0, "cashRows": 0, "firstCryptoSpans": null}
2026-07-29T16:55:01 | INFO     | coinbase_webkit:001:abfa1ff7 | iOS-DOM probe: {"url": "https://www.coinbase.com/home", "path": "/home", "readyGate": true, "captchaVisible": false, "cryptoRows": 0, "cashRows": 0, "firstCryptoSpans": null}
2026-07-29T16:55:03 | INFO     | coinbase_webkit:001:abfa1ff7 | iOS-DOM probe: {"url": "https://www.coinbase.com/home", "path": "/home", "readyGate": true, "captchaVisible": false, "cryptoRows": 0, "cashRows": 0, "firstCryptoSpans": null}
2026-07-29T16:55:05 | INFO     | coinbase_webkit:001:abfa1ff7 | iOS-DOM probe: {"url": "https://www.coinbase.com/home", "path": "/home", "readyGate": true, "captchaVisible": false, "cryptoRows": 0, "cashRows": 0, "firstCryptoSpans": null}
2026-07-29T16:55:08 | INFO     | coinbase_webkit:001:abfa1ff7 | iOS-DOM probe: {"url": "https://www.coinbase.com/home", "path": "/home", "readyGate": true, "captchaVisible": false, "cryptoRows": 0, "cashRows": 0, "firstCryptoSpans": null}
2026-07-29T16:55:10 | INFO     | coinbase_webkit:001:abfa1ff7 | iOS-DOM probe: {"url": "https://www.coinbase.com/home", "path": "/home", "readyGate": true, "captchaVisible": false, "cryptoRows": 0, "cashRows": 0, "firstCryptoSpans": null}
2026-07-29T16:55:12 | INFO     | coinbase_webkit:001:abfa1ff7 | iOS-DOM probe: {"url": "https://www.coinbase.com/home", "path": "/home", "readyGate": true, "captchaVisible": false, "cryptoRows": 0, "cashRows": 0, "firstCryptoSpans": null}
2026-07-29T16:55:14 | INFO     | coinbase_webkit:001:abfa1ff7 | iOS-DOM probe: {"url": "https://www.coinbase.com/home", "path": "/home", "readyGate": true, "captchaVisible": false, "cryptoRows": 0, "cashRows": 0, "firstCryptoSpans": null}
2026-07-29T16:55:16 | INFO     | coinbase_webkit:001:abfa1ff7 | iOS-DOM probe: {"url": "https://www.coinbase.com/home", "path": "/home", "readyGate": true, "captchaVisible": false, "cryptoRows": 0, "cashRows": 0, "firstCryptoSpans": null}
2026-07-29T16:55:18 | INFO     | coinbase_webkit:001:abfa1ff7 | iOS-DOM probe: {"url": "https://www.coinbase.com/home", "path": "/home", "readyGate": true, "captchaVisible": false, "cryptoRows": 0, "cashRows": 0, "firstCryptoSpans": null}
2026-07-29T16:55:21 | INFO     | coinbase_webkit:001:abfa1ff7 | iOS-DOM probe: {"url": "https://www.coinbase.com/home", "path": "/home", "readyGate": true, "captchaVisible": false, "cryptoRows": 0, "cashRows": 0, "firstCryptoSpans": null}
2026-07-29T16:55:23 | INFO     | coinbase_webkit:001:abfa1ff7 | iOS-DOM probe: {"url": "https://www.coinbase.com/home", "path": "/home", "readyGate": true, "captchaVisible": false, "cryptoRows": 0, "cashRows": 0, "firstCryptoSpans": null}
2026-07-29T16:55:25 | INFO     | coinbase_webkit:001:abfa1ff7 | iOS-DOM probe: {"url": "https://www.coinbase.com/home", "path": "/home", "readyGate": true, "captchaVisible": false, "cryptoRows": 0, "cashRows": 0, "firstCryptoSpans": null}
2026-07-29T16:55:27 | INFO     | coinbase_webkit:001:abfa1ff7 | iOS-DOM probe: {"url": "https://www.coinbase.com/home", "path": "/home", "readyGate": true, "captchaVisible": false, "cryptoRows": 0, "cashRows": 0, "firstCryptoSpans": null}
2026-07-29T16:55:29 | INFO     | coinbase_webkit:001:abfa1ff7 | iOS-DOM probe: {"url": "https://www.coinbase.com/home", "path": "/home", "readyGate": true, "captchaVisible": false, "cryptoRows": 0, "cashRows": 0, "firstCryptoSpans": null}
2026-07-29T16:55:31 | INFO     | coinbase_webkit:001:abfa1ff7 | iOS-DOM probe: {"url": "https://www.coinbase.com/home", "path": "/home", "readyGate": true, "captchaVisible": false, "cryptoRows": 0, "cashRows": 0, "firstCryptoSpans": null}
2026-07-29T16:55:33 | INFO     | coinbase_webkit:001:abfa1ff7 | iOS-DOM probe: {"url": "https://www.coinbase.com/home", "path": "/home", "readyGate": true, "captchaVisible": false, "cryptoRows": 0, "cashRows": 0, "firstCryptoSpans": null}
2026-07-29T16:55:36 | INFO     | coinbase_webkit:001:abfa1ff7 | iOS-DOM probe: {"url": "https://www.coinbase.com/home", "path": "/home", "readyGate": true, "captchaVisible": false, "cryptoRows": 0, "cashRows": 0, "firstCryptoSpans": null}
2026-07-29T16:55:37 | WARNING  | coinbase_webkit:001:abfa1ff7 | GraphQL captured op=useUserCefiBalancesSubscription status=200
2026-07-29T16:55:38 | INFO     | coinbase_webkit:001:abfa1ff7 | iOS-DOM probe: {"url": "https://www.coinbase.com/home", "path": "/home", "readyGate": true, "captchaVisible": false, "cryptoRows": 0, "cashRows": 0, "firstCryptoSpans": null}
2026-07-29T16:55:40 | INFO     | coinbase_webkit:001:abfa1ff7 | iOS-DOM probe: {"url": "https://www.coinbase.com/home", "path": "/home", "readyGate": true, "captchaVisible": false, "cryptoRows": 0, "cashRows": 0, "firstCryptoSpans": null}
2026-07-29T16:55:42 | INFO     | coinbase_webkit:001:abfa1ff7 | iOS-DOM probe: {"url": "https://www.coinbase.com/home", "path": "/home", "readyGate": true, "captchaVisible": false, "cryptoRows": 0, "cashRows": 0, "firstCryptoSpans": null}
2026-07-29T16:55:44 | INFO     | coinbase_webkit:001:abfa1ff7 | iOS-DOM probe: {"url": "https://www.coinbase.com/home", "path": "/home", "readyGate": true, "captchaVisible": false, "cryptoRows": 0, "cashRows": 0, "firstCryptoSpans": null}
2026-07-29T16:55:46 | INFO     | coinbase_webkit:001:abfa1ff7 | iOS-DOM probe: {"url": "https://www.coinbase.com/home", "path": "/home", "readyGate": true, "captchaVisible": false, "cryptoRows": 0, "cashRows": 0, "firstCryptoSpans": null}
2026-07-29T16:55:48 | INFO     | coinbase_webkit:001:abfa1ff7 | iOS-DOM probe: {"url": "https://www.coinbase.com/home", "path": "/home", "readyGate": true, "captchaVisible": false, "cryptoRows": 0, "cashRows": 0, "firstCryptoSpans": null}
2026-07-29T16:55:51 | INFO     | coinbase_webkit:001:abfa1ff7 | iOS-DOM probe: {"url": "https://www.coinbase.com/home", "path": "/home", "readyGate": true, "captchaVisible": false, "cryptoRows": 0, "cashRows": 0, "firstCryptoSpans": null}
2026-07-29T16:55:53 | INFO     | coinbase_webkit:001:abfa1ff7 | iOS-DOM probe: {"url": "https://www.coinbase.com/home", "path": "/home", "readyGate": true, "captchaVisible": false, "cryptoRows": 0, "cashRows": 0, "firstCryptoSpans": null}
2026-07-29T16:55:55 | INFO     | coinbase_webkit:001:abfa1ff7 | iOS-DOM probe: {"url": "https://www.coinbase.com/home", "path": "/home", "readyGate": true, "captchaVisible": false, "cryptoRows": 0, "cashRows": 0, "firstCryptoSpans": null}
2026-07-29T16:55:57 | INFO     | coinbase_webkit:001:abfa1ff7 | iOS-DOM probe: {"url": "https://www.coinbase.com/home", "path": "/home", "readyGate": true, "captchaVisible": false, "cryptoRows": 0, "cashRows": 0, "firstCryptoSpans": null}
2026-07-29T16:55:59 | INFO     | coinbase_webkit:001:abfa1ff7 | iOS-DOM probe: {"url": "https://www.coinbase.com/home", "path": "/home", "readyGate": true, "captchaVisible": false, "cryptoRows": 0, "cashRows": 0, "firstCryptoSpans": null}
2026-07-29T16:56:01 | INFO     | coinbase_webkit:001:abfa1ff7 | iOS-DOM probe: {"url": "https://www.coinbase.com/home", "path": "/home", "readyGate": true, "captchaVisible": false, "cryptoRows": 0, "cashRows": 0, "firstCryptoSpans": null}
2026-07-29T16:56:04 | INFO     | coinbase_webkit:001:abfa1ff7 | iOS-DOM probe: {"url": "https://www.coinbase.com/home", "path": "/home", "readyGate": true, "captchaVisible": false, "cryptoRows": 0, "cashRows": 0, "firstCryptoSpans": null}
2026-07-29T16:56:06 | INFO     | coinbase_webkit:001:abfa1ff7 | iOS-DOM probe: {"url": "https://www.coinbase.com/home", "path": "/home", "readyGate": true, "captchaVisible": false, "cryptoRows": 0, "cashRows": 0, "firstCryptoSpans": null}
2026-07-29T16:56:08 | INFO     | coinbase_webkit:001:abfa1ff7 | iOS-DOM probe: {"url": "https://www.coinbase.com/home", "path": "/home", "readyGate": true, "captchaVisible": false, "cryptoRows": 0, "cashRows": 0, "firstCryptoSpans": null}
2026-07-29T16:56:10 | INFO     | coinbase_webkit:001:abfa1ff7 | iOS-DOM probe: {"url": "https://www.coinbase.com/home", "path": "/home", "readyGate": true, "captchaVisible": false, "cryptoRows": 0, "cashRows": 0, "firstCryptoSpans": null}
2026-07-29T16:56:12 | INFO     | coinbase_webkit:001:abfa1ff7 | iOS-DOM probe: {"url": "https://www.coinbase.com/home", "path": "/home", "readyGate": true, "captchaVisible": false, "cryptoRows": 0, "cashRows": 0, "firstCryptoSpans": null}
2026-07-29T16:56:13 | WARNING  | coinbase_webkit:001:abfa1ff7 | GraphQL captured op=useLiveResourcePriceSubscription status=200
2026-07-29T16:56:14 | INFO     | coinbase_webkit:001:abfa1ff7 | iOS-DOM probe: {"url": "https://www.coinbase.com/home", "path": "/home", "readyGate": true, "captchaVisible": false, "cryptoRows": 0, "cashRows": 0, "firstCryptoSpans": null}
2026-07-29T16:56:16 | INFO     | coinbase_webkit:001:abfa1ff7 | iOS-DOM probe: {"url": "https://www.coinbase.com/home", "path": "/home", "readyGate": true, "captchaVisible": false, "cryptoRows": 0, "cashRows": 0, "firstCryptoSpans": null}
2026-07-29T16:56:19 | INFO     | coinbase_webkit:001:abfa1ff7 | iOS-DOM probe: {"url": "https://www.coinbase.com/home", "path": "/home", "readyGate": true, "captchaVisible": false, "cryptoRows": 0, "cashRows": 0, "firstCryptoSpans": null}
2026-07-29T16:56:21 | INFO     | coinbase_webkit:001:abfa1ff7 | iOS-DOM probe: {"url": "https://www.coinbase.com/home", "path": "/home", "readyGate": true, "captchaVisible": false, "cryptoRows": 0, "cashRows": 0, "firstCryptoSpans": null}
2026-07-29T16:56:23 | INFO     | coinbase_webkit:001:abfa1ff7 | iOS-DOM probe: {"url": "https://www.coinbase.com/home", "path": "/home", "readyGate": true, "captchaVisible": false, "cryptoRows": 0, "cashRows": 0, "firstCryptoSpans": null}
2026-07-29T16:56:25 | INFO     | coinbase_webkit:001:abfa1ff7 | iOS-DOM probe: {"url": "https://www.coinbase.com/home", "path": "/home", "readyGate": true, "captchaVisible": false, "cryptoRows": 0, "cashRows": 0, "firstCryptoSpans": null}
2026-07-29T16:56:27 | INFO     | coinbase_webkit:001:abfa1ff7 | iOS-DOM probe: {"url": "https://www.coinbase.com/home", "path": "/home", "readyGate": true, "captchaVisible": false, "cryptoRows": 0, "cashRows": 0, "firstCryptoSpans": null}
2026-07-29T16:56:29 | INFO     | coinbase_webkit:001:abfa1ff7 | iOS-DOM probe: {"url": "https://www.coinbase.com/home", "path": "/home", "readyGate": true, "captchaVisible": false, "cryptoRows": 0, "cashRows": 0, "firstCryptoSpans": null}
2026-07-29T16:56:32 | INFO     | coinbase_webkit:001:abfa1ff7 | iOS-DOM probe: {"url": "https://www.coinbase.com/home", "path": "/home", "readyGate": true, "captchaVisible": false, "cryptoRows": 0, "cashRows": 0, "firstCryptoSpans": null}
2026-07-29T16:56:34 | INFO     | coinbase_webkit:001:abfa1ff7 | iOS-DOM probe: {"url": "https://www.coinbase.com/home", "path": "/home", "readyGate": true, "captchaVisible": false, "cryptoRows": 0, "cashRows": 0, "firstCryptoSpans": null}
2026-07-29T16:56:36 | INFO     | coinbase_webkit:001:abfa1ff7 | iOS-DOM probe: {"url": "https://www.coinbase.com/home", "path": "/home", "readyGate": true, "captchaVisible": false, "cryptoRows": 0, "cashRows": 0, "firstCryptoSpans": null}
2026-07-29T16:56:38 | INFO     | coinbase_webkit:001:abfa1ff7 | iOS-DOM probe: {"url": "https://www.coinbase.com/home", "path": "/home", "readyGate": true, "captchaVisible": false, "cryptoRows": 0, "cashRows": 0, "firstCryptoSpans": null}
2026-07-29T16:56:40 | INFO     | coinbase_webkit:001:abfa1ff7 | iOS-DOM probe: {"url": "https://www.coinbase.com/home", "path": "/home", "readyGate": true, "captchaVisible": false, "cryptoRows": 0, "cashRows": 0, "firstCryptoSpans": null}
2026-07-29T16:56:42 | INFO     | coinbase_webkit:001:abfa1ff7 | iOS-DOM probe: {"url": "https://www.coinbase.com/home", "path": "/home", "readyGate": true, "captchaVisible": false, "cryptoRows": 0, "cashRows": 0, "firstCryptoSpans": null}
2026-07-29T16:56:44 | INFO     | coinbase_webkit:001:abfa1ff7 | iOS-DOM probe: {"url": "https://www.coinbase.com/home", "path": "/home", "readyGate": true, "captchaVisible": false, "cryptoRows": 0, "cashRows": 0, "firstCryptoSpans": null}
2026-07-29T16:56:47 | INFO     | coinbase_webkit:001:abfa1ff7 | iOS-DOM probe: {"url": "https://www.coinbase.com/home", "path": "/home", "readyGate": true, "captchaVisible": false, "cryptoRows": 0, "cashRows": 0, "firstCryptoSpans": null}
2026-07-29T16:56:49 | INFO     | coinbase_webkit:001:abfa1ff7 | iOS-DOM probe: {"url": "https://www.coinbase.com/home", "path": "/home", "readyGate": true, "captchaVisible": false, "cryptoRows": 0, "cashRows": 0, "firstCryptoSpans": null}
2026-07-29T16:56:51 | INFO     | coinbase_webkit:001:abfa1ff7 | iOS-DOM probe: {"url": "https://www.coinbase.com/home", "path": "/home", "readyGate": true, "captchaVisible": false, "cryptoRows": 0, "cashRows": 0, "firstCryptoSpans": null}
2026-07-29T16:56:53 | INFO     | coinbase_webkit:001:abfa1ff7 | iOS-DOM probe: {"url": "https://www.coinbase.com/home", "path": "/home", "readyGate": true, "captchaVisible": false, "cryptoRows": 0, "cashRows": 0, "firstCryptoSpans": null}
2026-07-29T16:56:55 | INFO     | coinbase_webkit:001:abfa1ff7 | iOS-DOM probe: {"url": "https://www.coinbase.com/home", "path": "/home", "readyGate": true, "captchaVisible": false, "cryptoRows": 0, "cashRows": 0, "firstCryptoSpans": null}
2026-07-29T16:56:57 | INFO     | coinbase_webkit:001:abfa1ff7 | iOS-DOM probe: {"url": "https://www.coinbase.com/home", "path": "/home", "readyGate": true, "captchaVisible": false, "cryptoRows": 0, "cashRows": 0, "firstCryptoSpans": null}
2026-07-29T16:57:00 | INFO     | coinbase_webkit:001:abfa1ff7 | iOS-DOM probe: {"url": "https://www.coinbase.com/home", "path": "/home", "readyGate": true, "captchaVisible": false, "cryptoRows": 0, "cashRows": 0, "firstCryptoSpans": null}
2026-07-29T16:57:02 | INFO     | coinbase_webkit:001:abfa1ff7 | iOS-DOM probe: {"url": "https://www.coinbase.com/home", "path": "/home", "readyGate": true, "captchaVisible": false, "cryptoRows": 0, "cashRows": 0, "firstCryptoSpans": null}
2026-07-29T16:57:04 | INFO     | coinbase_webkit:001:abfa1ff7 | iOS-DOM probe: {"url": "https://www.coinbase.com/home", "path": "/home", "readyGate": true, "captchaVisible": false, "cryptoRows": 0, "cashRows": 0, "firstCryptoSpans": null}
2026-07-29T16:57:06 | INFO     | coinbase_webkit:001:abfa1ff7 | iOS-DOM probe: {"url": "https://www.coinbase.com/home", "path": "/home", "readyGate": true, "captchaVisible": false, "cryptoRows": 0, "cashRows": 0, "firstCryptoSpans": null}
2026-07-29T16:57:08 | INFO     | coinbase_webkit:001:abfa1ff7 | iOS-DOM probe: {"url": "https://www.coinbase.com/home", "path": "/home", "readyGate": true, "captchaVisible": false, "cryptoRows": 0, "cashRows": 0, "firstCryptoSpans": null}
2026-07-29T16:57:10 | INFO     | coinbase_webkit:001:abfa1ff7 | iOS-DOM probe: {"url": "https://www.coinbase.com/home", "path": "/home", "readyGate": true, "captchaVisible": false, "cryptoRows": 0, "cashRows": 0, "firstCryptoSpans": null}
2026-07-29T16:57:12 | INFO     | coinbase_webkit:001:abfa1ff7 | iOS-DOM probe: {"url": "https://www.coinbase.com/home", "path": "/home", "readyGate": true, "captchaVisible": false, "cryptoRows": 0, "cashRows": 0, "firstCryptoSpans": null}
2026-07-29T16:57:15 | INFO     | coinbase_webkit:001:abfa1ff7 | iOS-DOM probe: {"url": "https://www.coinbase.com/home", "path": "/home", "readyGate": true, "captchaVisible": false, "cryptoRows": 0, "cashRows": 0, "firstCryptoSpans": null}
2026-07-29T16:57:17 | INFO     | coinbase_webkit:001:abfa1ff7 | iOS-DOM probe: {"url": "https://www.coinbase.com/home", "path": "/home", "readyGate": true, "captchaVisible": false, "cryptoRows": 0, "cashRows": 0, "firstCryptoSpans": null}
2026-07-29T16:57:19 | INFO     | coinbase_webkit:001:abfa1ff7 | iOS-DOM probe: {"url": "https://www.coinbase.com/home", "path": "/home", "readyGate": true, "captchaVisible": false, "cryptoRows": 0, "cashRows": 0, "firstCryptoSpans": null}
2026-07-29T16:57:21 | INFO     | coinbase_webkit:001:abfa1ff7 | iOS-DOM probe: {"url": "https://www.coinbase.com/home", "path": "/home", "readyGate": true, "captchaVisible": false, "cryptoRows": 0, "cashRows": 0, "firstCryptoSpans": null}
2026-07-29T16:57:23 | INFO     | coinbase_webkit:001:abfa1ff7 | iOS-DOM probe: {"url": "https://www.coinbase.com/home", "path": "/home", "readyGate": true, "captchaVisible": false, "cryptoRows": 0, "cashRows": 0, "firstCryptoSpans": null}
2026-07-29T16:57:25 | INFO     | coinbase_webkit:001:abfa1ff7 | iOS-DOM probe: {"url": "https://www.coinbase.com/home", "path": "/home", "readyGate": true, "captchaVisible": false, "cryptoRows": 0, "cashRows": 0, "firstCryptoSpans": null}
2026-07-29T16:57:28 | INFO     | coinbase_webkit:001:abfa1ff7 | iOS-DOM probe: {"url": "https://www.coinbase.com/home", "path": "/home", "readyGate": true, "captchaVisible": false, "cryptoRows": 0, "cashRows": 0, "firstCryptoSpans": null}
2026-07-29T16:57:30 | INFO     | coinbase_webkit:001:abfa1ff7 | iOS-DOM probe: {"url": "https://www.coinbase.com/home", "path": "/home", "readyGate": true, "captchaVisible": false, "cryptoRows": 0, "cashRows": 0, "firstCryptoSpans": null}
2026-07-29T16:57:32 | INFO     | coinbase_webkit:001:abfa1ff7 | iOS-DOM probe: {"url": "https://www.coinbase.com/home", "path": "/home", "readyGate": true, "captchaVisible": false, "cryptoRows": 0, "cashRows": 0, "firstCryptoSpans": null}
2026-07-29T16:57:34 | INFO     | coinbase_webkit:001:abfa1ff7 | iOS-DOM probe: {"url": "https://www.coinbase.com/home", "path": "/home", "readyGate": true, "captchaVisible": false, "cryptoRows": 0, "cashRows": 0, "firstCryptoSpans": null}
2026-07-29T16:57:36 | INFO     | coinbase_webkit:001:abfa1ff7 | iOS-DOM probe: {"url": "https://www.coinbase.com/home", "path": "/home", "readyGate": true, "captchaVisible": false, "cryptoRows": 0, "cashRows": 0, "firstCryptoSpans": null}
2026-07-29T16:57:38 | INFO     | coinbase_webkit:001:abfa1ff7 | iOS-DOM probe: {"url": "https://www.coinbase.com/home", "path": "/home", "readyGate": true, "captchaVisible": false, "cryptoRows": 0, "cashRows": 0, "firstCryptoSpans": null}
2026-07-29T16:57:40 | INFO     | coinbase_webkit:001:abfa1ff7 | iOS-DOM probe: {"url": "https://www.coinbase.com/home", "path": "/home", "readyGate": true, "captchaVisible": false, "cryptoRows": 0, "cashRows": 0, "firstCryptoSpans": null}
2026-07-29T16:57:43 | INFO     | coinbase_webkit:001:abfa1ff7 | iOS-DOM probe: {"url": "https://www.coinbase.com/home", "path": "/home", "readyGate": true, "captchaVisible": false, "cryptoRows": 0, "cashRows": 0, "firstCryptoSpans": null}
2026-07-29T16:57:45 | INFO     | coinbase_webkit:001:abfa1ff7 | iOS-DOM probe: {"url": "https://www.coinbase.com/home", "path": "/home", "readyGate": true, "captchaVisible": false, "cryptoRows": 0, "cashRows": 0, "firstCryptoSpans": null}
2026-07-29T16:57:47 | INFO     | coinbase_webkit:001:abfa1ff7 | iOS-DOM probe: {"url": "https://www.coinbase.com/home", "path": "/home", "readyGate": true, "captchaVisible": false, "cryptoRows": 0, "cashRows": 0, "firstCryptoSpans": null}
2026-07-29T16:57:49 | INFO     | coinbase_webkit:001:abfa1ff7 | iOS-DOM probe: {"url": "https://www.coinbase.com/home", "path": "/home", "readyGate": true, "captchaVisible": false, "cryptoRows": 0, "cashRows": 0, "firstCryptoSpans": null}
2026-07-29T16:57:51 | INFO     | coinbase_webkit:001:abfa1ff7 | iOS-DOM probe: {"url": "https://www.coinbase.com/home", "path": "/home", "readyGate": true, "captchaVisible": false, "cryptoRows": 0, "cashRows": 0, "firstCryptoSpans": null}
2026-07-29T16:57:53 | INFO     | coinbase_webkit:001:abfa1ff7 | iOS-DOM probe: {"url": "https://www.coinbase.com/home", "path": "/home", "readyGate": true, "captchaVisible": false, "cryptoRows": 0, "cashRows": 0, "firstCryptoSpans": null}
2026-07-29T16:57:56 | INFO     | coinbase_webkit:001:abfa1ff7 | iOS-DOM probe: {"url": "https://www.coinbase.com/home", "path": "/home", "readyGate": true, "captchaVisible": false, "cryptoRows": 0, "cashRows": 0, "firstCryptoSpans": null}
2026-07-29T16:57:58 | INFO     | coinbase_webkit:001:abfa1ff7 | iOS-DOM probe: {"url": "https://www.coinbase.com/home", "path": "/home", "readyGate": true, "captchaVisible": false, "cryptoRows": 0, "cashRows": 0, "firstCryptoSpans": null}
2026-07-29T16:58:00 | INFO     | coinbase_webkit:001:abfa1ff7 | iOS-DOM probe: {"url": "https://www.coinbase.com/home", "path": "/home", "readyGate": true, "captchaVisible": false, "cryptoRows": 0, "cashRows": 0, "firstCryptoSpans": null}
2026-07-29T16:58:02 | INFO     | coinbase_webkit:001:abfa1ff7 | iOS-DOM probe: {"url": "https://www.coinbase.com/home", "path": "/home", "readyGate": true, "captchaVisible": false, "cryptoRows": 0, "cashRows": 0, "firstCryptoSpans": null}
2026-07-29T16:58:04 | INFO     | coinbase_webkit:001:abfa1ff7 | iOS-DOM probe: {"url": "https://www.coinbase.com/home", "path": "/home", "readyGate": true, "captchaVisible": false, "cryptoRows": 0, "cashRows": 0, "firstCryptoSpans": null}
2026-07-29T16:58:06 | INFO     | coinbase_webkit:001:abfa1ff7 | iOS-DOM probe: {"url": "https://www.coinbase.com/home", "path": "/home", "readyGate": true, "captchaVisible": false, "cryptoRows": 0, "cashRows": 0, "firstCryptoSpans": null}
2026-07-29T16:58:08 | INFO     | coinbase_webkit:001:abfa1ff7 | iOS-DOM probe: {"url": "https://www.coinbase.com/home", "path": "/home", "readyGate": true, "captchaVisible": false, "cryptoRows": 0, "cashRows": 0, "firstCryptoSpans": null}
2026-07-29T16:58:10 | WARNING  | coinbase_webkit:001:abfa1ff7 | GraphQL captured op=useLiveResourcePriceSubscription status=200
2026-07-29T16:58:10 | WARNING  | coinbase_webkit:001:abfa1ff7 | GraphQL captured op=useLiveResourcePriceSubscription status=200
2026-07-29T16:58:10 | WARNING  | coinbase_webkit:001:abfa1ff7 | GraphQL captured op=useSimpleCashPositionAndBalanceSubscription status=200
2026-07-29T16:58:10 | WARNING  | coinbase_webkit:001:abfa1ff7 | GraphQL captured op=useSimpleCryptoPositionAndBalanceSubscription status=200
2026-07-29T16:58:10 | WARNING  | coinbase_webkit:001:abfa1ff7 | GraphQL captured op=useLiveResourcePriceSubscription status=200
2026-07-29T16:58:10 | WARNING  | coinbase_webkit:001:abfa1ff7 | GraphQL captured op=useLiveResourcePriceSubscription status=200
2026-07-29T16:58:10 | WARNING  | coinbase_webkit:001:abfa1ff7 | GraphQL captured op=useUserPerformanceSubscription status=200
2026-07-29T16:58:10 | WARNING  | coinbase_webkit:001:abfa1ff7 | GraphQL captured op=useUserPerformanceSubscription status=200
2026-07-29T16:58:11 | INFO     | coinbase_webkit:001:abfa1ff7 | iOS-DOM probe: {"url": "https://www.coinbase.com/home", "path": "/home", "readyGate": true, "captchaVisible": false, "cryptoRows": 0, "cashRows": 0, "firstCryptoSpans": null}
2026-07-29T16:58:13 | INFO     | coinbase_webkit:001:abfa1ff7 | iOS-DOM probe: {"url": "https://www.coinbase.com/home", "path": "/home", "readyGate": true, "captchaVisible": false, "cryptoRows": 0, "cashRows": 0, "firstCryptoSpans": null}
2026-07-29T16:58:15 | INFO     | coinbase_webkit:001:abfa1ff7 | iOS-DOM probe: {"url": "https://www.coinbase.com/home", "path": "/home", "readyGate": true, "captchaVisible": false, "cryptoRows": 0, "cashRows": 0, "firstCryptoSpans": null}
2026-07-29T16:58:17 | INFO     | coinbase_webkit:001:abfa1ff7 | iOS-DOM probe: {"url": "https://www.coinbase.com/home", "path": "/home", "readyGate": true, "captchaVisible": false, "cryptoRows": 0, "cashRows": 0, "firstCryptoSpans": null}
2026-07-29T16:58:19 | INFO     | coinbase_webkit:001:abfa1ff7 | iOS-DOM probe: {"url": "https://www.coinbase.com/home", "path": "/home", "readyGate": true, "captchaVisible": false, "cryptoRows": 0, "cashRows": 0, "firstCryptoSpans": null}
2026-07-29T16:58:21 | INFO     | coinbase_webkit:001:abfa1ff7 | iOS-DOM probe: {"url": "https://www.coinbase.com/home", "path": "/home", "readyGate": true, "captchaVisible": false, "cryptoRows": 0, "cashRows": 0, "firstCryptoSpans": null}
2026-07-29T16:58:24 | INFO     | coinbase_webkit:001:abfa1ff7 | iOS-DOM probe: {"url": "https://www.coinbase.com/home", "path": "/home", "readyGate": true, "captchaVisible": false, "cryptoRows": 0, "cashRows": 0, "firstCryptoSpans": null}
2026-07-29T16:58:26 | INFO     | coinbase_webkit:001:abfa1ff7 | iOS-DOM probe: {"url": "https://www.coinbase.com/home", "path": "/home", "readyGate": true, "captchaVisible": false, "cryptoRows": 0, "cashRows": 0, "firstCryptoSpans": null}
2026-07-29T16:58:28 | INFO     | coinbase_webkit:001:abfa1ff7 | iOS-DOM probe: {"url": "https://www.coinbase.com/home", "path": "/home", "readyGate": true, "captchaVisible": false, "cryptoRows": 0, "cashRows": 0, "firstCryptoSpans": null}
2026-07-29T16:58:30 | INFO     | coinbase_webkit:001:abfa1ff7 | iOS-DOM probe: {"url": "https://www.coinbase.com/home", "path": "/home", "readyGate": true, "captchaVisible": false, "cryptoRows": 0, "cashRows": 0, "firstCryptoSpans": null}
2026-07-29T16:58:32 | INFO     | coinbase_webkit:001:abfa1ff7 | iOS-DOM probe: {"url": "https://www.coinbase.com/home", "path": "/home", "readyGate": true, "captchaVisible": false, "cryptoRows": 0, "cashRows": 0, "firstCryptoSpans": null}
2026-07-29T16:58:34 | INFO     | coinbase_webkit:001:abfa1ff7 | iOS-DOM probe: {"url": "https://www.coinbase.com/home", "path": "/home", "readyGate": true, "captchaVisible": false, "cryptoRows": 0, "cashRows": 0, "firstCryptoSpans": null}
2026-07-29T16:58:37 | INFO     | coinbase_webkit:001:abfa1ff7 | iOS-DOM probe: {"url": "https://www.coinbase.com/home", "path": "/home", "readyGate": true, "captchaVisible": false, "cryptoRows": 0, "cashRows": 0, "firstCryptoSpans": null}
2026-07-29T16:58:39 | INFO     | coinbase_webkit:001:abfa1ff7 | iOS-DOM probe: {"url": "https://www.coinbase.com/home", "path": "/home", "readyGate": true, "captchaVisible": false, "cryptoRows": 0, "cashRows": 0, "firstCryptoSpans": null}
2026-07-29T16:58:41 | INFO     | coinbase_webkit:001:abfa1ff7 | iOS-DOM probe: {"url": "https://www.coinbase.com/home", "path": "/home", "readyGate": true, "captchaVisible": false, "cryptoRows": 0, "cashRows": 0, "firstCryptoSpans": null}
2026-07-29T16:58:43 | INFO     | coinbase_webkit:001:abfa1ff7 | iOS-DOM probe: {"url": "https://www.coinbase.com/home", "path": "/home", "readyGate": true, "captchaVisible": false, "cryptoRows": 0, "cashRows": 0, "firstCryptoSpans": null}
2026-07-29T16:58:45 | INFO     | coinbase_webkit:001:abfa1ff7 | iOS-DOM probe: {"url": "https://www.coinbase.com/home", "path": "/home", "readyGate": true, "captchaVisible": false, "cryptoRows": 0, "cashRows": 0, "firstCryptoSpans": null}
2026-07-29T16:58:47 | INFO     | coinbase_webkit:001:abfa1ff7 | iOS-DOM probe: {"url": "https://www.coinbase.com/home", "path": "/home", "readyGate": true, "captchaVisible": false, "cryptoRows": 0, "cashRows": 0, "firstCryptoSpans": null}
2026-07-29T16:58:50 | INFO     | coinbase_webkit:001:abfa1ff7 | iOS-DOM probe: {"url": "https://www.coinbase.com/home", "path": "/home", "readyGate": true, "captchaVisible": false, "cryptoRows": 0, "cashRows": 0, "firstCryptoSpans": null}
2026-07-29T16:58:52 | INFO     | coinbase_webkit:001:abfa1ff7 | iOS-DOM probe: {"url": "https://www.coinbase.com/home", "path": "/home", "readyGate": true, "captchaVisible": false, "cryptoRows": 0, "cashRows": 0, "firstCryptoSpans": null}
2026-07-29T16:58:54 | INFO     | coinbase_webkit:001:abfa1ff7 | iOS-DOM probe: {"url": "https://www.coinbase.com/home", "path": "/home", "readyGate": true, "captchaVisible": false, "cryptoRows": 0, "cashRows": 0, "firstCryptoSpans": null}
2026-07-29T16:58:56 | INFO     | coinbase_webkit:001:abfa1ff7 | iOS-DOM probe: {"url": "https://www.coinbase.com/home", "path": "/home", "readyGate": true, "captchaVisible": false, "cryptoRows": 0, "cashRows": 0, "firstCryptoSpans": null}
2026-07-29T16:58:58 | INFO     | coinbase_webkit:001:abfa1ff7 | iOS-DOM probe: {"url": "https://www.coinbase.com/home", "path": "/home", "readyGate": true, "captchaVisible": false, "cryptoRows": 0, "cashRows": 0, "firstCryptoSpans": null}
2026-07-29T16:59:00 | INFO     | coinbase_webkit:001:abfa1ff7 | iOS-DOM probe: {"url": "https://www.coinbase.com/home", "path": "/home", "readyGate": true, "captchaVisible": false, "cryptoRows": 0, "cashRows": 0, "firstCryptoSpans": null}
2026-07-29T16:59:02 | INFO     | coinbase_webkit:001:abfa1ff7 | iOS-DOM probe: {"url": "https://www.coinbase.com/home", "path": "/home", "readyGate": true, "captchaVisible": false, "cryptoRows": 0, "cashRows": 0, "firstCryptoSpans": null}
2026-07-29T16:59:05 | INFO     | coinbase_webkit:001:abfa1ff7 | iOS-DOM probe: {"url": "https://www.coinbase.com/home", "path": "/home", "readyGate": true, "captchaVisible": false, "cryptoRows": 0, "cashRows": 0, "firstCryptoSpans": null}
2026-07-29T16:59:07 | INFO     | coinbase_webkit:001:abfa1ff7 | iOS-DOM probe: {"url": "https://www.coinbase.com/home", "path": "/home", "readyGate": true, "captchaVisible": false, "cryptoRows": 0, "cashRows": 0, "firstCryptoSpans": null}
2026-07-29T16:59:09 | INFO     | coinbase_webkit:001:abfa1ff7 | iOS-DOM probe: {"url": "https://www.coinbase.com/home", "path": "/home", "readyGate": true, "captchaVisible": false, "cryptoRows": 0, "cashRows": 0, "firstCryptoSpans": null}
2026-07-29T16:59:11 | INFO     | coinbase_webkit:001:abfa1ff7 | iOS-DOM probe: {"url": "https://www.coinbase.com/home", "path": "/home", "readyGate": true, "captchaVisible": false, "cryptoRows": 0, "cashRows": 0, "firstCryptoSpans": null}
2026-07-29T16:59:13 | INFO     | coinbase_webkit:001:abfa1ff7 | iOS-DOM probe: {"url": "https://www.coinbase.com/home", "path": "/home", "readyGate": true, "captchaVisible": false, "cryptoRows": 0, "cashRows": 0, "firstCryptoSpans": null}
2026-07-29T16:59:15 | INFO     | coinbase_webkit:001:abfa1ff7 | iOS-DOM probe: {"url": "https://www.coinbase.com/home", "path": "/home", "readyGate": true, "captchaVisible": false, "cryptoRows": 0, "cashRows": 0, "firstCryptoSpans": null}
2026-07-29T16:59:18 | INFO     | coinbase_webkit:001:abfa1ff7 | iOS-DOM probe: {"url": "https://www.coinbase.com/home", "path": "/home", "readyGate": true, "captchaVisible": false, "cryptoRows": 0, "cashRows": 0, "firstCryptoSpans": null}
2026-07-29T16:59:20 | INFO     | coinbase_webkit:001:abfa1ff7 | iOS-DOM probe: {"url": "https://www.coinbase.com/home", "path": "/home", "readyGate": true, "captchaVisible": false, "cryptoRows": 0, "cashRows": 0, "firstCryptoSpans": null}
2026-07-29T16:59:22 | INFO     | coinbase_webkit:001:abfa1ff7 | iOS-DOM probe: {"url": "https://www.coinbase.com/home", "path": "/home", "readyGate": true, "captchaVisible": false, "cryptoRows": 0, "cashRows": 0, "firstCryptoSpans": null}
2026-07-29T16:59:24 | INFO     | coinbase_webkit:001:abfa1ff7 | iOS-DOM probe: {"url": "https://www.coinbase.com/home", "path": "/home", "readyGate": true, "captchaVisible": false, "cryptoRows": 0, "cashRows": 0, "firstCryptoSpans": null}
2026-07-29T16:59:26 | INFO     | coinbase_webkit:001:abfa1ff7 | iOS-DOM probe: {"url": "https://www.coinbase.com/home", "path": "/home", "readyGate": true, "captchaVisible": false, "cryptoRows": 0, "cashRows": 0, "firstCryptoSpans": null}
2026-07-29T16:59:28 | INFO     | coinbase_webkit:001:abfa1ff7 | iOS-DOM probe: {"url": "https://www.coinbase.com/home", "path": "/home", "readyGate": true, "captchaVisible": false, "cryptoRows": 0, "cashRows": 0, "firstCryptoSpans": null}
2026-07-29T16:59:30 | INFO     | coinbase_webkit:001:abfa1ff7 | iOS-DOM probe: {"url": "https://www.coinbase.com/home", "path": "/home", "readyGate": true, "captchaVisible": false, "cryptoRows": 0, "cashRows": 0, "firstCryptoSpans": null}
2026-07-29T16:59:33 | INFO     | coinbase_webkit:001:abfa1ff7 | iOS-DOM probe: {"url": "https://www.coinbase.com/home", "path": "/home", "readyGate": true, "captchaVisible": false, "cryptoRows": 0, "cashRows": 0, "firstCryptoSpans": null}
2026-07-29T16:59:35 | INFO     | coinbase_webkit:001:abfa1ff7 | iOS-DOM probe: {"url": "https://www.coinbase.com/home", "path": "/home", "readyGate": true, "captchaVisible": false, "cryptoRows": 0, "cashRows": 0, "firstCryptoSpans": null}
2026-07-29T16:59:37 | INFO     | coinbase_webkit:001:abfa1ff7 | iOS-DOM probe: {"url": "https://www.coinbase.com/home", "path": "/home", "readyGate": true, "captchaVisible": false, "cryptoRows": 0, "cashRows": 0, "firstCryptoSpans": null}
2026-07-29T16:59:39 | INFO     | coinbase_webkit:001:abfa1ff7 | iOS-DOM probe: {"url": "https://www.coinbase.com/home", "path": "/home", "readyGate": true, "captchaVisible": false, "cryptoRows": 0, "cashRows": 0, "firstCryptoSpans": null}
2026-07-29T16:59:41 | INFO     | coinbase_webkit:001:abfa1ff7 | iOS-DOM probe: {"url": "https://www.coinbase.com/home", "path": "/home", "readyGate": true, "captchaVisible": false, "cryptoRows": 0, "cashRows": 0, "firstCryptoSpans": null}
2026-07-29T16:59:43 | INFO     | coinbase_webkit:001:abfa1ff7 | iOS-DOM probe: {"url": "https://www.coinbase.com/home", "path": "/home", "readyGate": true, "captchaVisible": false, "cryptoRows": 0, "cashRows": 0, "firstCryptoSpans": null}
2026-07-29T16:59:46 | INFO     | coinbase_webkit:001:abfa1ff7 | iOS-DOM probe: {"url": "https://www.coinbase.com/home", "path": "/home", "readyGate": true, "captchaVisible": false, "cryptoRows": 0, "cashRows": 0, "firstCryptoSpans": null}
2026-07-29T16:59:48 | INFO     | coinbase_webkit:001:abfa1ff7 | iOS-DOM probe: {"url": "https://www.coinbase.com/home", "path": "/home", "readyGate": true, "captchaVisible": false, "cryptoRows": 0, "cashRows": 0, "firstCryptoSpans": null}
2026-07-29T16:59:50 | INFO     | coinbase_webkit:001:abfa1ff7 | iOS-DOM probe: {"url": "https://www.coinbase.com/home", "path": "/home", "readyGate": true, "captchaVisible": false, "cryptoRows": 0, "cashRows": 0, "firstCryptoSpans": null}
2026-07-29T16:59:52 | INFO     | coinbase_webkit:001:abfa1ff7 | iOS-DOM probe: {"url": "https://www.coinbase.com/home", "path": "/home", "readyGate": true, "captchaVisible": false, "cryptoRows": 0, "cashRows": 0, "firstCryptoSpans": null}
2026-07-29T16:59:54 | INFO     | coinbase_webkit:001:abfa1ff7 | iOS-DOM probe: {"url": "https://www.coinbase.com/home", "path": "/home", "readyGate": true, "captchaVisible": false, "cryptoRows": 0, "cashRows": 0, "firstCryptoSpans": null}
2026-07-29T16:59:56 | INFO     | coinbase_webkit:001:abfa1ff7 | iOS-DOM probe: {"url": "https://www.coinbase.com/home", "path": "/home", "readyGate": true, "captchaVisible": false, "cryptoRows": 0, "cashRows": 0, "firstCryptoSpans": null}
2026-07-29T16:59:58 | INFO     | coinbase_webkit:001:abfa1ff7 | iOS-DOM probe: {"url": "https://www.coinbase.com/home", "path": "/home", "readyGate": true, "captchaVisible": false, "cryptoRows": 0, "cashRows": 0, "firstCryptoSpans": null}
2026-07-29T17:00:01 | INFO     | coinbase_webkit:001:abfa1ff7 | iOS-DOM probe: {"url": "https://www.coinbase.com/home", "path": "/home", "readyGate": true, "captchaVisible": false, "cryptoRows": 0, "cashRows": 0, "firstCryptoSpans": null}
2026-07-29T17:00:03 | INFO     | coinbase_webkit:001:abfa1ff7 | iOS-DOM probe: {"url": "https://www.coinbase.com/home", "path": "/home", "readyGate": true, "captchaVisible": false, "cryptoRows": 0, "cashRows": 0, "firstCryptoSpans": null}
2026-07-29T17:00:05 | INFO     | coinbase_webkit:001:abfa1ff7 | iOS-DOM probe: {"url": "https://www.coinbase.com/home", "path": "/home", "readyGate": true, "captchaVisible": false, "cryptoRows": 0, "cashRows": 0, "firstCryptoSpans": null}
2026-07-29T17:00:07 | INFO     | coinbase_webkit:001:abfa1ff7 | iOS-DOM probe: {"url": "https://www.coinbase.com/home", "path": "/home", "readyGate": true, "captchaVisible": false, "cryptoRows": 0, "cashRows": 0, "firstCryptoSpans": null}
2026-07-29T17:00:09 | INFO     | coinbase_webkit:001:abfa1ff7 | iOS-DOM probe: {"url": "https://www.coinbase.com/home", "path": "/home", "readyGate": true, "captchaVisible": false, "cryptoRows": 0, "cashRows": 0, "firstCryptoSpans": null}
2026-07-29T17:00:11 | INFO     | coinbase_webkit:001:abfa1ff7 | iOS-DOM probe: {"url": "https://www.coinbase.com/home", "path": "/home", "readyGate": true, "captchaVisible": false, "cryptoRows": 0, "cashRows": 0, "firstCryptoSpans": null}
2026-07-29T17:00:14 | INFO     | coinbase_webkit:001:abfa1ff7 | iOS-DOM probe: {"url": "https://www.coinbase.com/home", "path": "/home", "readyGate": true, "captchaVisible": false, "cryptoRows": 0, "cashRows": 0, "firstCryptoSpans": null}
2026-07-29T17:00:16 | INFO     | coinbase_webkit:001:abfa1ff7 | iOS-DOM probe: {"url": "https://www.coinbase.com/home", "path": "/home", "readyGate": true, "captchaVisible": false, "cryptoRows": 0, "cashRows": 0, "firstCryptoSpans": null}
2026-07-29T17:00:18 | INFO     | coinbase_webkit:001:abfa1ff7 | iOS-DOM probe: {"url": "https://www.coinbase.com/home", "path": "/home", "readyGate": true, "captchaVisible": false, "cryptoRows": 0, "cashRows": 0, "firstCryptoSpans": null}
2026-07-29T17:00:20 | INFO     | coinbase_webkit:001:abfa1ff7 | iOS-DOM probe: {"url": "https://www.coinbase.com/home", "path": "/home", "readyGate": true, "captchaVisible": false, "cryptoRows": 0, "cashRows": 0, "firstCryptoSpans": null}
2026-07-29T17:00:22 | INFO     | coinbase_webkit:001:abfa1ff7 | iOS-DOM probe: {"url": "https://www.coinbase.com/home", "path": "/home", "readyGate": true, "captchaVisible": false, "cryptoRows": 0, "cashRows": 0, "firstCryptoSpans": null}
2026-07-29T17:00:24 | INFO     | coinbase_webkit:001:abfa1ff7 | iOS-DOM probe: {"url": "https://www.coinbase.com/home", "path": "/home", "readyGate": true, "captchaVisible": false, "cryptoRows": 0, "cashRows": 0, "firstCryptoSpans": null}
2026-07-29T17:00:27 | INFO     | coinbase_webkit:001:abfa1ff7 | iOS-DOM probe: {"url": "https://www.coinbase.com/home", "path": "/home", "readyGate": true, "captchaVisible": false, "cryptoRows": 0, "cashRows": 0, "firstCryptoSpans": null}
2026-07-29T17:00:29 | INFO     | coinbase_webkit:001:abfa1ff7 | iOS-DOM probe: {"url": "https://www.coinbase.com/home", "path": "/home", "readyGate": true, "captchaVisible": false, "cryptoRows": 0, "cashRows": 0, "firstCryptoSpans": null}
2026-07-29T17:00:31 | INFO     | coinbase_webkit:001:abfa1ff7 | iOS-DOM probe: {"url": "https://www.coinbase.com/home", "path": "/home", "readyGate": true, "captchaVisible": false, "cryptoRows": 0, "cashRows": 0, "firstCryptoSpans": null}
2026-07-29T17:00:33 | INFO     | coinbase_webkit:001:abfa1ff7 | iOS-DOM probe: {"url": "https://www.coinbase.com/home", "path": "/home", "readyGate": true, "captchaVisible": false, "cryptoRows": 0, "cashRows": 0, "firstCryptoSpans": null}
2026-07-29T17:00:35 | INFO     | coinbase_webkit:001:abfa1ff7 | iOS-DOM probe: {"url": "https://www.coinbase.com/home", "path": "/home", "readyGate": true, "captchaVisible": false, "cryptoRows": 0, "cashRows": 0, "firstCryptoSpans": null}
2026-07-29T17:00:37 | INFO     | coinbase_webkit:001:abfa1ff7 | iOS-DOM probe: {"url": "https://www.coinbase.com/home", "path": "/home", "readyGate": true, "captchaVisible": false, "cryptoRows": 0, "cashRows": 0, "firstCryptoSpans": null}
2026-07-29T17:00:39 | INFO     | coinbase_webkit:001:abfa1ff7 | iOS-DOM probe: {"url": "https://www.coinbase.com/home", "path": "/home", "readyGate": true, "captchaVisible": false, "cryptoRows": 0, "cashRows": 0, "firstCryptoSpans": null}
2026-07-29T17:00:42 | INFO     | coinbase_webkit:001:abfa1ff7 | iOS-DOM probe: {"url": "https://www.coinbase.com/home", "path": "/home", "readyGate": true, "captchaVisible": false, "cryptoRows": 0, "cashRows": 0, "firstCryptoSpans": null}
2026-07-29T17:00:44 | INFO     | coinbase_webkit:001:abfa1ff7 | iOS-DOM probe: {"url": "https://www.coinbase.com/home", "path": "/home", "readyGate": true, "captchaVisible": false, "cryptoRows": 0, "cashRows": 0, "firstCryptoSpans": null}
2026-07-29T17:00:46 | INFO     | coinbase_webkit:001:abfa1ff7 | iOS-DOM probe: {"url": "https://www.coinbase.com/home", "path": "/home", "readyGate": true, "captchaVisible": false, "cryptoRows": 0, "cashRows": 0, "firstCryptoSpans": null}
2026-07-29T17:00:48 | INFO     | coinbase_webkit:001:abfa1ff7 | iOS-DOM probe: {"url": "https://www.coinbase.com/home", "path": "/home", "readyGate": true, "captchaVisible": false, "cryptoRows": 0, "cashRows": 0, "firstCryptoSpans": null}
2026-07-29T17:00:50 | INFO     | coinbase_webkit:001:abfa1ff7 | iOS-DOM probe: {"url": "https://www.coinbase.com/home", "path": "/home", "readyGate": true, "captchaVisible": false, "cryptoRows": 0, "cashRows": 0, "firstCryptoSpans": null}
2026-07-29T17:00:52 | INFO     | coinbase_webkit:001:abfa1ff7 | iOS-DOM probe: {"url": "https://www.coinbase.com/home", "path": "/home", "readyGate": true, "captchaVisible": false, "cryptoRows": 0, "cashRows": 0, "firstCryptoSpans": null}
2026-07-29T17:00:54 | INFO     | coinbase_webkit:001:abfa1ff7 | iOS-DOM probe: {"url": "https://www.coinbase.com/home", "path": "/home", "readyGate": true, "captchaVisible": false, "cryptoRows": 0, "cashRows": 0, "firstCryptoSpans": null}
2026-07-29T17:00:57 | INFO     | coinbase_webkit:001:abfa1ff7 | iOS-DOM probe: {"url": "https://www.coinbase.com/home", "path": "/home", "readyGate": true, "captchaVisible": false, "cryptoRows": 0, "cashRows": 0, "firstCryptoSpans": null}
2026-07-29T17:00:59 | INFO     | coinbase_webkit:001:abfa1ff7 | iOS-DOM probe: {"url": "https://www.coinbase.com/home", "path": "/home", "readyGate": true, "captchaVisible": false, "cryptoRows": 0, "cashRows": 0, "firstCryptoSpans": null}
2026-07-29T17:01:01 | INFO     | coinbase_webkit:001:abfa1ff7 | iOS-DOM probe: {"url": "https://www.coinbase.com/home", "path": "/home", "readyGate": true, "captchaVisible": false, "cryptoRows": 0, "cashRows": 0, "firstCryptoSpans": null}
2026-07-29T17:01:03 | INFO     | coinbase_webkit:001:abfa1ff7 | iOS-DOM probe: {"url": "https://www.coinbase.com/home", "path": "/home", "readyGate": true, "captchaVisible": false, "cryptoRows": 0, "cashRows": 0, "firstCryptoSpans": null}
2026-07-29T17:01:05 | INFO     | coinbase_webkit:001:abfa1ff7 | iOS-DOM probe: {"url": "https://www.coinbase.com/home", "path": "/home", "readyGate": true, "captchaVisible": false, "cryptoRows": 0, "cashRows": 0, "firstCryptoSpans": null}
2026-07-29T17:01:07 | INFO     | coinbase_webkit:001:abfa1ff7 | iOS-DOM probe: {"url": "https://www.coinbase.com/home", "path": "/home", "readyGate": true, "captchaVisible": false, "cryptoRows": 0, "cashRows": 0, "firstCryptoSpans": null}
2026-07-29T17:01:09 | INFO     | coinbase_webkit:001:abfa1ff7 | iOS-DOM probe: {"url": "https://www.coinbase.com/home", "path": "/home", "readyGate": true, "captchaVisible": false, "cryptoRows": 0, "cashRows": 0, "firstCryptoSpans": null}
2026-07-29T17:01:12 | INFO     | coinbase_webkit:001:abfa1ff7 | iOS-DOM probe: {"url": "https://www.coinbase.com/home", "path": "/home", "readyGate": true, "captchaVisible": false, "cryptoRows": 0, "cashRows": 0, "firstCryptoSpans": null}
2026-07-29T17:01:14 | INFO     | coinbase_webkit:001:abfa1ff7 | iOS-DOM probe: {"url": "https://www.coinbase.com/home", "path": "/home", "readyGate": true, "captchaVisible": false, "cryptoRows": 0, "cashRows": 0, "firstCryptoSpans": null}
2026-07-29T17:01:16 | INFO     | coinbase_webkit:001:abfa1ff7 | iOS-DOM probe: {"url": "https://www.coinbase.com/home", "path": "/home", "readyGate": true, "captchaVisible": false, "cryptoRows": 0, "cashRows": 0, "firstCryptoSpans": null}
2026-07-29T17:01:18 | INFO     | coinbase_webkit:001:abfa1ff7 | iOS-DOM probe: {"url": "https://www.coinbase.com/home", "path": "/home", "readyGate": true, "captchaVisible": false, "cryptoRows": 0, "cashRows": 0, "firstCryptoSpans": null}
2026-07-29T17:01:20 | INFO     | coinbase_webkit:001:abfa1ff7 | iOS-DOM probe: {"url": "https://www.coinbase.com/home", "path": "/home", "readyGate": true, "captchaVisible": false, "cryptoRows": 0, "cashRows": 0, "firstCryptoSpans": null}
2026-07-29T17:01:22 | INFO     | coinbase_webkit:001:abfa1ff7 | iOS-DOM probe: {"url": "https://www.coinbase.com/home", "path": "/home", "readyGate": true, "captchaVisible": false, "cryptoRows": 0, "cashRows": 0, "firstCryptoSpans": null}
2026-07-29T17:01:24 | INFO     | coinbase_webkit:001:abfa1ff7 | iOS-DOM probe: {"url": "https://www.coinbase.com/home", "path": "/home", "readyGate": true, "captchaVisible": false, "cryptoRows": 0, "cashRows": 0, "firstCryptoSpans": null}
2026-07-29T17:01:27 | INFO     | coinbase_webkit:001:abfa1ff7 | iOS-DOM probe: {"url": "https://www.coinbase.com/home", "path": "/home", "readyGate": true, "captchaVisible": false, "cryptoRows": 0, "cashRows": 0, "firstCryptoSpans": null}
2026-07-29T17:01:29 | INFO     | coinbase_webkit:001:abfa1ff7 | iOS-DOM probe: {"url": "https://www.coinbase.com/home", "path": "/home", "readyGate": true, "captchaVisible": false, "cryptoRows": 0, "cashRows": 0, "firstCryptoSpans": null}
2026-07-29T17:01:31 | INFO     | coinbase_webkit:001:abfa1ff7 | iOS-DOM probe: {"url": "https://www.coinbase.com/home", "path": "/home", "readyGate": true, "captchaVisible": false, "cryptoRows": 0, "cashRows": 0, "firstCryptoSpans": null}
2026-07-29T17:01:33 | INFO     | coinbase_webkit:001:abfa1ff7 | iOS-DOM probe: {"url": "https://www.coinbase.com/home", "path": "/home", "readyGate": true, "captchaVisible": false, "cryptoRows": 0, "cashRows": 0, "firstCryptoSpans": null}
2026-07-29T17:01:35 | INFO     | coinbase_webkit:001:abfa1ff7 | iOS-DOM probe: {"url": "https://www.coinbase.com/home", "path": "/home", "readyGate": true, "captchaVisible": false, "cryptoRows": 0, "cashRows": 0, "firstCryptoSpans": null}
2026-07-29T17:01:37 | INFO     | coinbase_webkit:001:abfa1ff7 | iOS-DOM probe: {"url": "https://www.coinbase.com/home", "path": "/home", "readyGate": true, "captchaVisible": false, "cryptoRows": 0, "cashRows": 0, "firstCryptoSpans": null}
2026-07-29T17:01:40 | INFO     | coinbase_webkit:001:abfa1ff7 | iOS-DOM probe: {"url": "https://www.coinbase.com/home", "path": "/home", "readyGate": true, "captchaVisible": false, "cryptoRows": 0, "cashRows": 0, "firstCryptoSpans": null}
2026-07-29T17:01:42 | INFO     | coinbase_webkit:001:abfa1ff7 | iOS-DOM probe: {"url": "https://www.coinbase.com/home", "path": "/home", "readyGate": true, "captchaVisible": false, "cryptoRows": 0, "cashRows": 0, "firstCryptoSpans": null}
2026-07-29T17:01:44 | INFO     | coinbase_webkit:001:abfa1ff7 | iOS-DOM probe: {"url": "https://www.coinbase.com/home", "path": "/home", "readyGate": true, "captchaVisible": false, "cryptoRows": 0, "cashRows": 0, "firstCryptoSpans": null}
2026-07-29T17:01:46 | INFO     | coinbase_webkit:001:abfa1ff7 | iOS-DOM probe: {"url": "https://www.coinbase.com/home", "path": "/home", "readyGate": true, "captchaVisible": false, "cryptoRows": 0, "cashRows": 0, "firstCryptoSpans": null}
2026-07-29T17:01:48 | INFO     | coinbase_webkit:001:abfa1ff7 | iOS-DOM probe: {"url": "https://www.coinbase.com/home", "path": "/home", "readyGate": true, "captchaVisible": false, "cryptoRows": 0, "cashRows": 0, "firstCryptoSpans": null}
2026-07-29T17:01:50 | INFO     | coinbase_webkit:001:abfa1ff7 | iOS-DOM probe: {"url": "https://www.coinbase.com/home", "path": "/home", "readyGate": true, "captchaVisible": false, "cryptoRows": 0, "cashRows": 0, "firstCryptoSpans": null}
2026-07-29T17:01:52 | INFO     | coinbase_webkit:001:abfa1ff7 | iOS-DOM probe: {"url": "https://www.coinbase.com/home", "path": "/home", "readyGate": true, "captchaVisible": false, "cryptoRows": 0, "cashRows": 0, "firstCryptoSpans": null}
2026-07-29T17:01:55 | INFO     | coinbase_webkit:001:abfa1ff7 | iOS-DOM probe: {"url": "https://www.coinbase.com/home", "path": "/home", "readyGate": true, "captchaVisible": false, "cryptoRows": 0, "cashRows": 0, "firstCryptoSpans": null}
2026-07-29T17:01:57 | INFO     | coinbase_webkit:001:abfa1ff7 | iOS-DOM probe: {"url": "https://www.coinbase.com/home", "path": "/home", "readyGate": true, "captchaVisible": false, "cryptoRows": 0, "cashRows": 0, "firstCryptoSpans": null}
2026-07-29T17:01:59 | INFO     | coinbase_webkit:001:abfa1ff7 | iOS-DOM probe: {"url": "https://www.coinbase.com/home", "path": "/home", "readyGate": true, "captchaVisible": false, "cryptoRows": 0, "cashRows": 0, "firstCryptoSpans": null}
2026-07-29T17:02:01 | INFO     | coinbase_webkit:001:abfa1ff7 | iOS-DOM probe: {"url": "https://www.coinbase.com/home", "path": "/home", "readyGate": true, "captchaVisible": false, "cryptoRows": 0, "cashRows": 0, "firstCryptoSpans": null}
2026-07-29T17:02:03 | INFO     | coinbase_webkit:001:abfa1ff7 | iOS-DOM probe: {"url": "https://www.coinbase.com/home", "path": "/home", "readyGate": true, "captchaVisible": false, "cryptoRows": 0, "cashRows": 0, "firstCryptoSpans": null}
2026-07-29T17:02:05 | INFO     | coinbase_webkit:001:abfa1ff7 | iOS-DOM probe: {"url": "https://www.coinbase.com/home", "path": "/home", "readyGate": true, "captchaVisible": false, "cryptoRows": 0, "cashRows": 0, "firstCryptoSpans": null}
2026-07-29T17:02:08 | INFO     | coinbase_webkit:001:abfa1ff7 | iOS-DOM probe: {"url": "https://www.coinbase.com/home", "path": "/home", "readyGate": true, "captchaVisible": false, "cryptoRows": 0, "cashRows": 0, "firstCryptoSpans": null}
2026-07-29T17:02:10 | INFO     | coinbase_webkit:001:abfa1ff7 | iOS-DOM probe: {"url": "https://www.coinbase.com/home", "path": "/home", "readyGate": true, "captchaVisible": false, "cryptoRows": 0, "cashRows": 0, "firstCryptoSpans": null}
2026-07-29T17:02:12 | INFO     | coinbase_webkit:001:abfa1ff7 | iOS-DOM probe: {"url": "https://www.coinbase.com/home", "path": "/home", "readyGate": true, "captchaVisible": false, "cryptoRows": 0, "cashRows": 0, "firstCryptoSpans": null}
2026-07-29T17:02:14 | INFO     | coinbase_webkit:001:abfa1ff7 | iOS-DOM probe: {"url": "https://www.coinbase.com/home", "path": "/home", "readyGate": true, "captchaVisible": false, "cryptoRows": 0, "cashRows": 0, "firstCryptoSpans": null}
2026-07-29T17:02:16 | INFO     | coinbase_webkit:001:abfa1ff7 | iOS-DOM probe: {"url": "https://www.coinbase.com/home", "path": "/home", "readyGate": true, "captchaVisible": false, "cryptoRows": 0, "cashRows": 0, "firstCryptoSpans": null}
2026-07-29T17:02:18 | INFO     | coinbase_webkit:001:abfa1ff7 | iOS-DOM probe: {"url": "https://www.coinbase.com/home", "path": "/home", "readyGate": true, "captchaVisible": false, "cryptoRows": 0, "cashRows": 0, "firstCryptoSpans": null}
2026-07-29T17:02:20 | INFO     | coinbase_webkit:001:abfa1ff7 | iOS-DOM probe: {"url": "https://www.coinbase.com/home", "path": "/home", "readyGate": true, "captchaVisible": false, "cryptoRows": 0, "cashRows": 0, "firstCryptoSpans": null}
2026-07-29T17:02:22 | INFO     | coinbase_webkit:001:abfa1ff7 | iOS-DOM probe: {"url": "https://www.coinbase.com/home", "path": "/home", "readyGate": true, "captchaVisible": false, "cryptoRows": 0, "cashRows": 0, "firstCryptoSpans": null}
2026-07-29T17:02:25 | INFO     | coinbase_webkit:001:abfa1ff7 | iOS-DOM probe: {"url": "https://www.coinbase.com/home", "path": "/home", "readyGate": true, "captchaVisible": false, "cryptoRows": 0, "cashRows": 0, "firstCryptoSpans": null}
2026-07-29T17:02:27 | INFO     | coinbase_webkit:001:abfa1ff7 | iOS-DOM probe: {"url": "https://www.coinbase.com/home", "path": "/home", "readyGate": true, "captchaVisible": false, "cryptoRows": 0, "cashRows": 0, "firstCryptoSpans": null}
2026-07-29T17:02:29 | INFO     | coinbase_webkit:001:abfa1ff7 | iOS-DOM probe: {"url": "https://www.coinbase.com/home", "path": "/home", "readyGate": true, "captchaVisible": false, "cryptoRows": 0, "cashRows": 0, "firstCryptoSpans": null}
2026-07-29T17:02:31 | INFO     | coinbase_webkit:001:abfa1ff7 | iOS-DOM probe: {"url": "https://www.coinbase.com/home", "path": "/home", "readyGate": true, "captchaVisible": false, "cryptoRows": 0, "cashRows": 0, "firstCryptoSpans": null}
2026-07-29T17:02:33 | INFO     | coinbase_webkit:001:abfa1ff7 | iOS-DOM probe: {"url": "https://www.coinbase.com/home", "path": "/home", "readyGate": true, "captchaVisible": false, "cryptoRows": 0, "cashRows": 0, "firstCryptoSpans": null}
2026-07-29T17:02:35 | INFO     | coinbase_webkit:001:abfa1ff7 | iOS-DOM probe: {"url": "https://www.coinbase.com/home", "path": "/home", "readyGate": true, "captchaVisible": false, "cryptoRows": 0, "cashRows": 0, "firstCryptoSpans": null}
2026-07-29T17:02:38 | INFO     | coinbase_webkit:001:abfa1ff7 | iOS-DOM probe: {"url": "https://www.coinbase.com/home", "path": "/home", "readyGate": true, "captchaVisible": false, "cryptoRows": 0, "cashRows": 0, "firstCryptoSpans": null}
2026-07-29T17:02:40 | INFO     | coinbase_webkit:001:abfa1ff7 | iOS-DOM probe: {"url": "https://www.coinbase.com/home", "path": "/home", "readyGate": true, "captchaVisible": false, "cryptoRows": 0, "cashRows": 0, "firstCryptoSpans": null}
2026-07-29T17:02:42 | INFO     | coinbase_webkit:001:abfa1ff7 | iOS-DOM probe: {"url": "https://www.coinbase.com/home", "path": "/home", "readyGate": true, "captchaVisible": false, "cryptoRows": 0, "cashRows": 0, "firstCryptoSpans": null}
2026-07-29T17:02:44 | INFO     | coinbase_webkit:001:abfa1ff7 | iOS-DOM probe: {"url": "https://www.coinbase.com/home", "path": "/home", "readyGate": true, "captchaVisible": false, "cryptoRows": 0, "cashRows": 0, "firstCryptoSpans": null}
2026-07-29T17:02:46 | INFO     | coinbase_webkit:001:abfa1ff7 | iOS-DOM probe: {"url": "https://www.coinbase.com/home", "path": "/home", "readyGate": true, "captchaVisible": false, "cryptoRows": 0, "cashRows": 0, "firstCryptoSpans": null}
2026-07-29T17:02:48 | INFO     | coinbase_webkit:001:abfa1ff7 | iOS-DOM probe: {"url": "https://www.coinbase.com/home", "path": "/home", "readyGate": true, "captchaVisible": false, "cryptoRows": 0, "cashRows": 0, "firstCryptoSpans": null}
2026-07-29T17:02:50 | INFO     | coinbase_webkit:001:abfa1ff7 | iOS-DOM probe: {"url": "https://www.coinbase.com/home", "path": "/home", "readyGate": true, "captchaVisible": false, "cryptoRows": 0, "cashRows": 0, "firstCryptoSpans": null}
2026-07-29T17:02:53 | INFO     | coinbase_webkit:001:abfa1ff7 | iOS-DOM probe: {"url": "https://www.coinbase.com/home", "path": "/home", "readyGate": true, "captchaVisible": false, "cryptoRows": 0, "cashRows": 0, "firstCryptoSpans": null}
2026-07-29T17:02:55 | INFO     | coinbase_webkit:001:abfa1ff7 | iOS-DOM probe: {"url": "https://www.coinbase.com/home", "path": "/home", "readyGate": true, "captchaVisible": false, "cryptoRows": 0, "cashRows": 0, "firstCryptoSpans": null}
2026-07-29T17:02:57 | INFO     | coinbase_webkit:001:abfa1ff7 | iOS-DOM probe: {"url": "https://www.coinbase.com/home", "path": "/home", "readyGate": true, "captchaVisible": false, "cryptoRows": 0, "cashRows": 0, "firstCryptoSpans": null}
2026-07-29T17:02:59 | INFO     | coinbase_webkit:001:abfa1ff7 | iOS-DOM probe: {"url": "https://www.coinbase.com/home", "path": "/home", "readyGate": true, "captchaVisible": false, "cryptoRows": 0, "cashRows": 0, "firstCryptoSpans": null}
2026-07-29T17:03:01 | INFO     | coinbase_webkit:001:abfa1ff7 | iOS-DOM probe: {"url": "https://www.coinbase.com/home", "path": "/home", "readyGate": true, "captchaVisible": false, "cryptoRows": 0, "cashRows": 0, "firstCryptoSpans": null}
2026-07-29T17:03:03 | INFO     | coinbase_webkit:001:abfa1ff7 | iOS-DOM probe: {"url": "https://www.coinbase.com/home", "path": "/home", "readyGate": true, "captchaVisible": false, "cryptoRows": 0, "cashRows": 0, "firstCryptoSpans": null}
2026-07-29T17:03:05 | INFO     | coinbase_webkit:001:abfa1ff7 | iOS-DOM probe: {"url": "https://www.coinbase.com/home", "path": "/home", "readyGate": true, "captchaVisible": false, "cryptoRows": 0, "cashRows": 0, "firstCryptoSpans": null}
2026-07-29T17:03:08 | INFO     | coinbase_webkit:001:abfa1ff7 | iOS-DOM probe: {"url": "https://www.coinbase.com/home", "path": "/home", "readyGate": true, "captchaVisible": false, "cryptoRows": 0, "cashRows": 0, "firstCryptoSpans": null}
2026-07-29T17:03:10 | INFO     | coinbase_webkit:001:abfa1ff7 | iOS-DOM probe: {"url": "https://www.coinbase.com/home", "path": "/home", "readyGate": true, "captchaVisible": false, "cryptoRows": 0, "cashRows": 0, "firstCryptoSpans": null}
2026-07-29T17:03:10 | WARNING  | coinbase_webkit:001:abfa1ff7 | GraphQL captured op=useUserPerformanceSubscription status=200
2026-07-29T17:03:10 | WARNING  | coinbase_webkit:001:abfa1ff7 | GraphQL captured op=useUserPerformanceSubscription status=200
2026-07-29T17:03:12 | INFO     | coinbase_webkit:001:abfa1ff7 | iOS-DOM probe: {"url": "https://www.coinbase.com/home", "path": "/home", "readyGate": true, "captchaVisible": false, "cryptoRows": 0, "cashRows": 0, "firstCryptoSpans": null}
2026-07-29T17:03:14 | INFO     | coinbase_webkit:001:abfa1ff7 | iOS-DOM probe: {"url": "https://www.coinbase.com/home", "path": "/home", "readyGate": true, "captchaVisible": false, "cryptoRows": 0, "cashRows": 0, "firstCryptoSpans": null}
2026-07-29T17:03:16 | INFO     | coinbase_webkit:001:abfa1ff7 | iOS-DOM probe: {"url": "https://www.coinbase.com/home", "path": "/home", "readyGate": true, "captchaVisible": false, "cryptoRows": 0, "cashRows": 0, "firstCryptoSpans": null}
2026-07-29T17:03:18 | INFO     | coinbase_webkit:001:abfa1ff7 | iOS-DOM probe: {"url": "https://www.coinbase.com/home", "path": "/home", "readyGate": true, "captchaVisible": false, "cryptoRows": 0, "cashRows": 0, "firstCryptoSpans": null}
2026-07-29T17:03:21 | INFO     | coinbase_webkit:001:abfa1ff7 | iOS-DOM probe: {"url": "https://www.coinbase.com/home", "path": "/home", "readyGate": true, "captchaVisible": false, "cryptoRows": 0, "cashRows": 0, "firstCryptoSpans": null}
2026-07-29T17:03:23 | INFO     | coinbase_webkit:001:abfa1ff7 | iOS-DOM probe: {"url": "https://www.coinbase.com/home", "path": "/home", "readyGate": true, "captchaVisible": false, "cryptoRows": 0, "cashRows": 0, "firstCryptoSpans": null}
2026-07-29T17:03:25 | INFO     | coinbase_webkit:001:abfa1ff7 | iOS-DOM probe: {"url": "https://www.coinbase.com/home", "path": "/home", "readyGate": true, "captchaVisible": false, "cryptoRows": 0, "cashRows": 0, "firstCryptoSpans": null}
2026-07-29T17:03:27 | INFO     | coinbase_webkit:001:abfa1ff7 | iOS-DOM probe: {"url": "https://www.coinbase.com/home", "path": "/home", "readyGate": true, "captchaVisible": false, "cryptoRows": 0, "cashRows": 0, "firstCryptoSpans": null}
2026-07-29T17:03:29 | INFO     | coinbase_webkit:001:abfa1ff7 | iOS-DOM probe: {"url": "https://www.coinbase.com/home", "path": "/home", "readyGate": true, "captchaVisible": false, "cryptoRows": 0, "cashRows": 0, "firstCryptoSpans": null}
2026-07-29T17:03:31 | INFO     | coinbase_webkit:001:abfa1ff7 | iOS-DOM probe: {"url": "https://www.coinbase.com/home", "path": "/home", "readyGate": true, "captchaVisible": false, "cryptoRows": 0, "cashRows": 0, "firstCryptoSpans": null}
2026-07-29T17:03:33 | INFO     | coinbase_webkit:001:abfa1ff7 | iOS-DOM probe: {"url": "https://www.coinbase.com/home", "path": "/home", "readyGate": true, "captchaVisible": false, "cryptoRows": 0, "cashRows": 0, "firstCryptoSpans": null}
2026-07-29T17:03:36 | INFO     | coinbase_webkit:001:abfa1ff7 | iOS-DOM probe: {"url": "https://www.coinbase.com/home", "path": "/home", "readyGate": true, "captchaVisible": false, "cryptoRows": 0, "cashRows": 0, "firstCryptoSpans": null}
2026-07-29T17:03:38 | INFO     | coinbase_webkit:001:abfa1ff7 | iOS-DOM probe: {"url": "https://www.coinbase.com/home", "path": "/home", "readyGate": true, "captchaVisible": false, "cryptoRows": 0, "cashRows": 0, "firstCryptoSpans": null}
2026-07-29T17:03:40 | INFO     | coinbase_webkit:001:abfa1ff7 | iOS-DOM probe: {"url": "https://www.coinbase.com/home", "path": "/home", "readyGate": true, "captchaVisible": false, "cryptoRows": 0, "cashRows": 0, "firstCryptoSpans": null}
2026-07-29T17:03:42 | INFO     | coinbase_webkit:001:abfa1ff7 | iOS-DOM probe: {"url": "https://www.coinbase.com/home", "path": "/home", "readyGate": true, "captchaVisible": false, "cryptoRows": 0, "cashRows": 0, "firstCryptoSpans": null}
2026-07-29T17:03:44 | INFO     | coinbase_webkit:001:abfa1ff7 | iOS-DOM probe: {"url": "https://www.coinbase.com/home", "path": "/home", "readyGate": true, "captchaVisible": false, "cryptoRows": 0, "cashRows": 0, "firstCryptoSpans": null}
2026-07-29T17:03:46 | INFO     | coinbase_webkit:001:abfa1ff7 | iOS-DOM probe: {"url": "https://www.coinbase.com/home", "path": "/home", "readyGate": true, "captchaVisible": false, "cryptoRows": 0, "cashRows": 0, "firstCryptoSpans": null}
2026-07-29T17:03:48 | INFO     | coinbase_webkit:001:abfa1ff7 | iOS-DOM probe: {"url": "https://www.coinbase.com/home", "path": "/home", "readyGate": true, "captchaVisible": false, "cryptoRows": 0, "cashRows": 0, "firstCryptoSpans": null}
2026-07-29T17:03:51 | INFO     | coinbase_webkit:001:abfa1ff7 | iOS-DOM probe: {"url": "https://www.coinbase.com/home", "path": "/home", "readyGate": true, "captchaVisible": false, "cryptoRows": 0, "cashRows": 0, "firstCryptoSpans": null}
2026-07-29T17:03:53 | INFO     | coinbase_webkit:001:abfa1ff7 | iOS-DOM probe: {"url": "https://www.coinbase.com/home", "path": "/home", "readyGate": true, "captchaVisible": false, "cryptoRows": 0, "cashRows": 0, "firstCryptoSpans": null}
2026-07-29T17:03:55 | INFO     | coinbase_webkit:001:abfa1ff7 | iOS-DOM probe: {"url": "https://www.coinbase.com/home", "path": "/home", "readyGate": true, "captchaVisible": false, "cryptoRows": 0, "cashRows": 0, "firstCryptoSpans": null}
2026-07-29T17:03:57 | INFO     | coinbase_webkit:001:abfa1ff7 | iOS-DOM probe: {"url": "https://www.coinbase.com/home", "path": "/home", "readyGate": true, "captchaVisible": false, "cryptoRows": 0, "cashRows": 0, "firstCryptoSpans": null}
2026-07-29T17:03:59 | INFO     | coinbase_webkit:001:abfa1ff7 | iOS-DOM probe: {"url": "https://www.coinbase.com/home", "path": "/home", "readyGate": true, "captchaVisible": false, "cryptoRows": 0, "cashRows": 0, "firstCryptoSpans": null}
2026-07-29T17:04:01 | INFO     | coinbase_webkit:001:abfa1ff7 | iOS-DOM probe: {"url": "https://www.coinbase.com/home", "path": "/home", "readyGate": true, "captchaVisible": false, "cryptoRows": 0, "cashRows": 0, "firstCryptoSpans": null}
2026-07-29T17:04:03 | INFO     | coinbase_webkit:001:abfa1ff7 | iOS-DOM probe: {"url": "https://www.coinbase.com/home", "path": "/home", "readyGate": true, "captchaVisible": false, "cryptoRows": 0, "cashRows": 0, "firstCryptoSpans": null}
2026-07-29T17:04:06 | INFO     | coinbase_webkit:001:abfa1ff7 | iOS-DOM probe: {"url": "https://www.coinbase.com/home", "path": "/home", "readyGate": true, "captchaVisible": false, "cryptoRows": 0, "cashRows": 0, "firstCryptoSpans": null}
2026-07-29T17:04:08 | INFO     | coinbase_webkit:001:abfa1ff7 | iOS-DOM probe: {"url": "https://www.coinbase.com/home", "path": "/home", "readyGate": true, "captchaVisible": false, "cryptoRows": 0, "cashRows": 0, "firstCryptoSpans": null}
2026-07-29T17:04:10 | INFO     | coinbase_webkit:001:abfa1ff7 | iOS-DOM probe: {"url": "https://www.coinbase.com/home", "path": "/home", "readyGate": true, "captchaVisible": false, "cryptoRows": 0, "cashRows": 0, "firstCryptoSpans": null}
2026-07-29T17:04:12 | INFO     | coinbase_webkit:001:abfa1ff7 | iOS-DOM probe: {"url": "https://www.coinbase.com/home", "path": "/home", "readyGate": true, "captchaVisible": false, "cryptoRows": 0, "cashRows": 0, "firstCryptoSpans": null}
2026-07-29T17:04:14 | INFO     | coinbase_webkit:001:abfa1ff7 | iOS-DOM probe: {"url": "https://www.coinbase.com/home", "path": "/home", "readyGate": true, "captchaVisible": false, "cryptoRows": 0, "cashRows": 0, "firstCryptoSpans": null}
2026-07-29T17:04:16 | INFO     | coinbase_webkit:001:abfa1ff7 | iOS-DOM probe: {"url": "https://www.coinbase.com/home", "path": "/home", "readyGate": true, "captchaVisible": false, "cryptoRows": 0, "cashRows": 0, "firstCryptoSpans": null}
2026-07-29T17:04:18 | INFO     | coinbase_webkit:001:abfa1ff7 | iOS-DOM probe: {"url": "https://www.coinbase.com/home", "path": "/home", "readyGate": true, "captchaVisible": false, "cryptoRows": 0, "cashRows": 0, "firstCryptoSpans": null}
2026-07-29T17:04:21 | INFO     | coinbase_webkit:001:abfa1ff7 | iOS-DOM probe: {"url": "https://www.coinbase.com/home", "path": "/home", "readyGate": true, "captchaVisible": false, "cryptoRows": 0, "cashRows": 0, "firstCryptoSpans": null}
2026-07-29T17:04:23 | INFO     | coinbase_webkit:001:abfa1ff7 | iOS-DOM probe: {"url": "https://www.coinbase.com/home", "path": "/home", "readyGate": true, "captchaVisible": false, "cryptoRows": 0, "cashRows": 0, "firstCryptoSpans": null}
2026-07-29T17:04:25 | INFO     | coinbase_webkit:001:abfa1ff7 | iOS-DOM probe: {"url": "https://www.coinbase.com/home", "path": "/home", "readyGate": true, "captchaVisible": false, "cryptoRows": 0, "cashRows": 0, "firstCryptoSpans": null}
2026-07-29T17:04:27 | INFO     | coinbase_webkit:001:abfa1ff7 | iOS-DOM probe: {"url": "https://www.coinbase.com/home", "path": "/home", "readyGate": true, "captchaVisible": false, "cryptoRows": 0, "cashRows": 0, "firstCryptoSpans": null}
2026-07-29T17:04:29 | INFO     | coinbase_webkit:001:abfa1ff7 | iOS-DOM probe: {"url": "https://www.coinbase.com/home", "path": "/home", "readyGate": true, "captchaVisible": false, "cryptoRows": 0, "cashRows": 0, "firstCryptoSpans": null}
2026-07-29T17:04:31 | INFO     | coinbase_webkit:001:abfa1ff7 | iOS-DOM probe: {"url": "https://www.coinbase.com/home", "path": "/home", "readyGate": true, "captchaVisible": false, "cryptoRows": 0, "cashRows": 0, "firstCryptoSpans": null}
2026-07-29T17:04:33 | INFO     | coinbase_webkit:001:abfa1ff7 | iOS-DOM probe: {"url": "https://www.coinbase.com/home", "path": "/home", "readyGate": true, "captchaVisible": false, "cryptoRows": 0, "cashRows": 0, "firstCryptoSpans": null}
2026-07-29T17:04:36 | INFO     | coinbase_webkit:001:abfa1ff7 | iOS-DOM probe: {"url": "https://www.coinbase.com/home", "path": "/home", "readyGate": true, "captchaVisible": false, "cryptoRows": 0, "cashRows": 0, "firstCryptoSpans": null}
2026-07-29T17:04:38 | INFO     | coinbase_webkit:001:abfa1ff7 | iOS-DOM probe: {"url": "https://www.coinbase.com/home", "path": "/home", "readyGate": true, "captchaVisible": false, "cryptoRows": 0, "cashRows": 0, "firstCryptoSpans": null}
2026-07-29T17:04:40 | INFO     | coinbase_webkit:001:abfa1ff7 | iOS-DOM probe: {"url": "https://www.coinbase.com/home", "path": "/home", "readyGate": true, "captchaVisible": false, "cryptoRows": 0, "cashRows": 0, "firstCryptoSpans": null}
2026-07-29T17:04:42 | INFO     | coinbase_webkit:001:abfa1ff7 | iOS-DOM probe: {"url": "https://www.coinbase.com/home", "path": "/home", "readyGate": true, "captchaVisible": false, "cryptoRows": 0, "cashRows": 0, "firstCryptoSpans": null}
2026-07-29T17:04:44 | INFO     | coinbase_webkit:001:abfa1ff7 | iOS-DOM probe: {"url": "https://www.coinbase.com/home", "path": "/home", "readyGate": true, "captchaVisible": false, "cryptoRows": 0, "cashRows": 0, "firstCryptoSpans": null}
2026-07-29T17:04:46 | INFO     | coinbase_webkit:001:abfa1ff7 | iOS-DOM probe: {"url": "https://www.coinbase.com/home", "path": "/home", "readyGate": true, "captchaVisible": false, "cryptoRows": 0, "cashRows": 0, "firstCryptoSpans": null}
2026-07-29T17:04:48 | WARNING  | coinbase_webkit:001:abfa1ff7 | GraphQL response body unavailable for https://www.coinbase.com/graphql/query?&operationName=useUserCefiBalancesSubscription (status=200)
2026-07-29T17:04:48 | WARNING  | coinbase_webkit:001:abfa1ff7 | GraphQL response body unavailable for https://www.coinbase.com/graphql/query?&operationName=useLiveResourcePriceSubscription (status=200)
2026-07-29T17:04:48 | WARNING  | coinbase_webkit:001:abfa1ff7 | GraphQL response body unavailable for https://www.coinbase.com/graphql/query?&operationName=useLiveResourcePriceSubscription (status=200)
2026-07-29T17:04:48 | WARNING  | coinbase_webkit:001:abfa1ff7 | GraphQL response body unavailable for https://www.coinbase.com/graphql/query?&operationName=useLiveResourcePriceSubscription (status=200)
2026-07-29T17:04:48 | WARNING  | coinbase_webkit:001:abfa1ff7 | GraphQL response body unavailable for https://www.coinbase.com/graphql/query?&operationName=useSimpleCashPositionAndBalanceSubscription (status=200)
2026-07-29T17:04:48 | WARNING  | coinbase_webkit:001:abfa1ff7 | GraphQL response body unavailable for https://www.coinbase.com/graphql/query?&operationName=useSimpleCryptoPositionAndBalanceSubscription (status=200)
2026-07-29T17:04:48 | WARNING  | coinbase_webkit:001:abfa1ff7 | GraphQL response body unavailable for https://www.coinbase.com/graphql/query?&operationName=useLiveResourcePriceSubscription (status=200)
2026-07-29T17:04:48 | WARNING  | coinbase_webkit:001:abfa1ff7 | GraphQL response body unavailable for https://www.coinbase.com/graphql/query?&operationName=useLiveResourcePriceSubscription (status=200)
2026-07-29T17:04:48 | WARNING  | coinbase_webkit:001:abfa1ff7 | GraphQL response body unavailable for https://www.coinbase.com/graphql/query?&operationName=useUserPerformanceSubscription (status=200)
2026-07-29T17:04:48 | WARNING  | coinbase_webkit:001:abfa1ff7 | GraphQL response body unavailable for https://www.coinbase.com/graphql/query?&operationName=useUserPerformanceSubscription (status=200)
2026-07-29T17:04:48 | INFO     | coinbase_webkit:001:abfa1ff7 | wrote manifest -> logs/coinbase_webkit/001/abfa1ff7/manifest.json
2026-07-29T17:04:48 | ERROR    | coinbase_webkit:001:abfa1ff7 | failed saving state: BrowserContext.storage_state: Target page, context or browser has been closed
